carrying_cap,replicate,recip_pop_size,trans_pop_size
10000000000,1,0,9924258141
10000000000,2,2,9921990688
10000000000,3,0,9924350534
10000000000,4,2,9924716138
10000000000,5,0,9924178941
10000000000,6,0,9924261999
10000000000,7,0,9924323370
10000000000,8,1,9927793842
10000000000,9,0,9924391799
10000000000,10,1,9926829054
10000000000,11,2,9930233785
10000000000,12,0,9924145880
10000000000,13,0,9917737283
10000000000,14,0,9926247547
10000000000,15,0,9925235823
10000000000,16,0,9924350150
10000000000,17,0,9924814100
10000000000,18,0,9924178949
10000000000,19,0,9924849613
10000000000,20,0,9924275735
10000000000,21,0,9921401224
10000000000,22,0,9924336510
10000000000,23,0,9924247331
10000000000,24,0,9918934902
10000000000,25,0,9921266913
10000000000,26,0,9924307041
10000000000,27,0,9924403642
10000000000,28,0,9924195339
10000000000,29,0,9924281312
10000000000,30,0,9924430669
10000000000,31,0,9924217065
10000000000,32,0,9924124097
10000000000,33,0,9924314488
10000000000,34,0,9924124052
10000000000,35,0,9924338711
10000000000,36,2,9923789999
10000000000,37,3,9929702810
10000000000,38,0,9924130706
10000000000,39,1,9923503358
10000000000,40,0,9924207095
10000000000,41,0,9924172825
10000000000,42,0,9924228842
10000000000,43,1,9920474336
10000000000,44,0,9924374548
10000000000,45,0,9924197339
10000000000,46,0,9925815730
10000000000,47,0,9923980734
10000000000,48,0,9927159189
10000000000,49,0,9920676294
10000000000,50,0,9924224104
10000000000,51,1,9925520217
10000000000,52,2,9924542093
10000000000,53,0,9924275985
10000000000,54,0,9925787349
10000000000,55,6,9926936141
10000000000,56,3,9920254384
10000000000,57,0,9922618777
10000000000,58,1,9924164598
10000000000,59,0,9924255535
10000000000,60,0,9924214479
10000000000,61,2,9925176348
10000000000,62,4,9933455654
10000000000,63,0,9924354615
10000000000,64,0,9924109349
10000000000,65,0,9924269352
10000000000,66,0,9924243790
10000000000,67,0,9924192441
10000000000,68,0,9924346258
10000000000,69,0,9923693112
10000000000,70,0,9924210183
10000000000,71,1,9921239728
10000000000,72,0,9923986875
10000000000,73,0,9922129102
10000000000,74,0,9919886232
10000000000,75,0,9924310027
10000000000,76,0,9924211930
10000000000,77,1,9925398039
10000000000,78,1,9926774390
10000000000,79,0,9924247761
10000000000,80,1,9918229654
10000000000,81,0,9924167105
10000000000,82,3,9924517619
10000000000,83,0,9926863813
10000000000,84,0,9923284585
10000000000,85,0,9931068113
10000000000,86,0,9924355570
10000000000,87,0,9927796586
10000000000,88,0,9924033470
10000000000,89,4,9925599516
10000000000,90,0,9924277013
10000000000,91,0,9924111751
10000000000,92,0,9924151170
10000000000,93,0,9925697733
10000000000,94,1,9924248542
10000000000,95,3,9920644964
10000000000,96,0,9924258669
10000000000,97,0,9924150516
10000000000,98,1,9925181652
10000000000,99,1,9932717062
10000000000,100,0,9924236149
5623413251.903491,1,0,5580830141
5623413251.903491,2,0,5580908726
5623413251.903491,3,0,5580832804
5623413251.903491,4,2,5580210083
5623413251.903491,5,0,5580860338
5623413251.903491,6,1,5576617585
5623413251.903491,7,1,5580745568
5623413251.903491,8,1,5580822199
5623413251.903491,9,0,5580740791
5623413251.903491,10,3,5580880315
5623413251.903491,11,2,5581234558
5623413251.903491,12,0,5580018428
5623413251.903491,13,1,5578454734
5623413251.903491,14,1,5581651880
5623413251.903491,15,0,5580831118
5623413251.903491,16,0,5581491157
5623413251.903491,17,0,5580790066
5623413251.903491,18,0,5580840987
5623413251.903491,19,0,5581478658
5623413251.903491,20,2,5582396483
5623413251.903491,21,0,5580800103
5623413251.903491,22,0,5580788702
5623413251.903491,23,0,5582493750
5623413251.903491,24,1,5583643088
5623413251.903491,25,0,5582054557
5623413251.903491,26,3,5577973056
5623413251.903491,27,0,5580828481
5623413251.903491,28,0,5580310586
5623413251.903491,29,2,5582333730
5623413251.903491,30,0,5580207341
5623413251.903491,31,0,5580255439
5623413251.903491,32,0,5580776805
5623413251.903491,33,1,5580542207
5623413251.903491,34,1,5581518264
5623413251.903491,35,0,5580815052
5623413251.903491,36,0,5580833178
5623413251.903491,37,2,5581486286
5623413251.903491,38,1,5580517601
5623413251.903491,39,2,5580176946
5623413251.903491,40,1,5578751582
5623413251.903491,41,5,5577737743
5623413251.903491,42,0,5580940022
5623413251.903491,43,0,5580881082
5623413251.903491,44,0,5580448727
5623413251.903491,45,0,5580869375
5623413251.903491,46,0,5580853418
5623413251.903491,47,0,5580756387
5623413251.903491,48,1,5583961310
5623413251.903491,49,2,5579310545
5623413251.903491,50,0,5580148492
5623413251.903491,51,0,5579744266
5623413251.903491,52,1,5580780309
5623413251.903491,53,0,5581390060
5623413251.903491,54,3,5580228075
5623413251.903491,55,0,5579938708
5623413251.903491,56,0,5580733850
5623413251.903491,57,0,5580991857
5623413251.903491,58,0,5581395657
5623413251.903491,59,0,5576657859
5623413251.903491,60,1,5580714259
5623413251.903491,61,1,5582227246
5623413251.903491,62,0,5580169468
5623413251.903491,63,0,5580658638
5623413251.903491,64,0,5580727726
5623413251.903491,65,1,5580766588
5623413251.903491,66,0,5580671712
5623413251.903491,67,0,5580803774
5623413251.903491,68,0,5581745116
5623413251.903491,69,1,5580353785
5623413251.903491,70,0,5582467905
5623413251.903491,71,0,5580834268
5623413251.903491,72,0,5579683405
5623413251.903491,73,0,5579474135
5623413251.903491,74,0,5579603676
5623413251.903491,75,0,5580741365
5623413251.903491,76,0,5580923775
5623413251.903491,77,0,5580854385
5623413251.903491,78,0,5580889734
5623413251.903491,79,0,5580308211
5623413251.903491,80,0,5581516190
5623413251.903491,81,0,5579801356
5623413251.903491,82,0,5580702727
5623413251.903491,83,1,5580867289
5623413251.903491,84,0,5580765328
5623413251.903491,85,0,5581336524
5623413251.903491,86,0,5580752906
5623413251.903491,87,0,5580835736
5623413251.903491,88,0,5581387989
5623413251.903491,89,0,5580899669
5623413251.903491,90,0,5581944591
5623413251.903491,91,0,5583634298
5623413251.903491,92,0,5580766768
5623413251.903491,93,2,5582746805
5623413251.903491,94,0,5580788316
5623413251.903491,95,0,5580778185
5623413251.903491,96,0,5580721125
5623413251.903491,97,0,5580853061
5623413251.903491,98,0,5580821408
5623413251.903491,99,0,5582677094
5623413251.903491,100,0,5580877536
3162277660.1683793,1,0,3138010233
3162277660.1683793,2,0,3138432720
3162277660.1683793,3,0,3137348570
3162277660.1683793,4,0,3138335064
3162277660.1683793,5,0,3138268694
3162277660.1683793,6,0,3138419245
3162277660.1683793,7,0,3136508209
3162277660.1683793,8,0,3138303305
3162277660.1683793,9,0,3137053734
3162277660.1683793,10,3,3140528152
3162277660.1683793,11,0,3138266555
3162277660.1683793,12,0,3138594622
3162277660.1683793,13,0,3138309143
3162277660.1683793,14,0,3138348798
3162277660.1683793,15,1,3137107809
3162277660.1683793,16,0,3138512799
3162277660.1683793,17,0,3138477755
3162277660.1683793,18,0,3138308950
3162277660.1683793,19,0,3138513128
3162277660.1683793,20,3,3138339868
3162277660.1683793,21,0,3138378757
3162277660.1683793,22,0,3138279040
3162277660.1683793,23,0,3138237083
3162277660.1683793,24,1,3136867541
3162277660.1683793,25,1,3138382776
3162277660.1683793,26,0,3138190718
3162277660.1683793,27,0,3138397563
3162277660.1683793,28,0,3137600064
3162277660.1683793,29,0,3137995913
3162277660.1683793,30,0,3138326267
3162277660.1683793,31,0,3139902216
3162277660.1683793,32,0,3138512512
3162277660.1683793,33,0,3139038168
3162277660.1683793,34,1,3138342815
3162277660.1683793,35,0,3138065194
3162277660.1683793,36,0,3138465317
3162277660.1683793,37,0,3138277761
3162277660.1683793,38,0,3138180840
3162277660.1683793,39,0,3136512237
3162277660.1683793,40,2,3137397857
3162277660.1683793,41,0,3137239662
3162277660.1683793,42,0,3137152118
3162277660.1683793,43,0,3138372130
3162277660.1683793,44,0,3138676102
3162277660.1683793,45,0,3138274655
3162277660.1683793,46,0,3139441424
3162277660.1683793,47,1,3138925565
3162277660.1683793,48,1,3139105505
3162277660.1683793,49,0,3138343415
3162277660.1683793,50,0,3138286459
3162277660.1683793,51,0,3138119549
3162277660.1683793,52,0,3138539224
3162277660.1683793,53,0,3139483947
3162277660.1683793,54,0,3138477584
3162277660.1683793,55,0,3138220277
3162277660.1683793,56,0,3137742020
3162277660.1683793,57,2,3139155045
3162277660.1683793,58,1,3141510669
3162277660.1683793,59,0,3138294815
3162277660.1683793,60,0,3137402754
3162277660.1683793,61,2,3137743924
3162277660.1683793,62,0,3138320519
3162277660.1683793,63,0,3138307785
3162277660.1683793,64,1,3137636237
3162277660.1683793,65,0,3138306221
3162277660.1683793,66,0,3138398256
3162277660.1683793,67,1,3139109122
3162277660.1683793,68,0,3138677848
3162277660.1683793,69,0,3138420174
3162277660.1683793,70,0,3138294389
3162277660.1683793,71,2,3138977761
3162277660.1683793,72,0,3138460818
3162277660.1683793,73,0,3138317319
3162277660.1683793,74,0,3135961613
3162277660.1683793,75,0,3141168636
3162277660.1683793,76,0,3138382158
3162277660.1683793,77,0,3138360609
3162277660.1683793,78,0,3138985954
3162277660.1683793,79,0,3138331873
3162277660.1683793,80,0,3138296535
3162277660.1683793,81,0,3138306990
3162277660.1683793,82,0,3137117241
3162277660.1683793,83,0,3139289149
3162277660.1683793,84,0,3138358935
3162277660.1683793,85,0,3136800243
3162277660.1683793,86,0,3138389426
3162277660.1683793,87,0,3138210237
3162277660.1683793,88,0,3138341312
3162277660.1683793,89,1,3139016369
3162277660.1683793,90,0,3138366475
3162277660.1683793,91,0,3138397992
3162277660.1683793,92,0,3140412333
3162277660.1683793,93,0,3138271440
3162277660.1683793,94,0,3136225581
3162277660.1683793,95,0,3138557073
3162277660.1683793,96,2,3139222307
3162277660.1683793,97,5,3136398384
3162277660.1683793,98,4,3136440424
3162277660.1683793,99,2,3138283219
3162277660.1683793,100,0,3138147787
1778279410.0389228,1,0,1764692618
1778279410.0389228,2,2,1764736796
1778279410.0389228,3,3,1763887004
1778279410.0389228,4,0,1764766822
1778279410.0389228,5,0,1764847983
1778279410.0389228,6,2,1764920979
1778279410.0389228,7,0,1764728072
1778279410.0389228,8,1,1764797290
1778279410.0389228,9,1,1764417313
1778279410.0389228,10,2,1763857566
1778279410.0389228,11,0,1764799687
1778279410.0389228,12,1,1764340253
1778279410.0389228,13,0,1764879052
1778279410.0389228,14,1,1764748190
1778279410.0389228,15,0,1764749235
1778279410.0389228,16,0,1764814739
1778279410.0389228,17,0,1763718163
1778279410.0389228,18,0,1764754627
1778279410.0389228,19,0,1764823945
1778279410.0389228,20,0,1764746451
1778279410.0389228,21,1,1764655336
1778279410.0389228,22,0,1764750187
1778279410.0389228,23,0,1763987558
1778279410.0389228,24,1,1764659546
1778279410.0389228,25,0,1764828661
1778279410.0389228,26,1,1764983603
1778279410.0389228,27,1,1764778746
1778279410.0389228,28,1,1764773587
1778279410.0389228,29,0,1765321336
1778279410.0389228,30,0,1765724813
1778279410.0389228,31,0,1764593886
1778279410.0389228,32,0,1764828439
1778279410.0389228,33,0,1764766292
1778279410.0389228,34,0,1763973860
1778279410.0389228,35,1,1764790637
1778279410.0389228,36,0,1764824560
1778279410.0389228,37,0,1764837207
1778279410.0389228,38,0,1764791752
1778279410.0389228,39,0,1764531840
1778279410.0389228,40,0,1764821522
1778279410.0389228,41,0,1764820925
1778279410.0389228,42,4,1766089653
1778279410.0389228,43,0,1764754368
1778279410.0389228,44,0,1764812525
1778279410.0389228,45,0,1764935543
1778279410.0389228,46,0,1764804647
1778279410.0389228,47,0,1764761140
1778279410.0389228,48,0,1763927621
1778279410.0389228,49,0,1764727456
1778279410.0389228,50,0,1764896132
1778279410.0389228,51,1,1766125382
1778279410.0389228,52,1,1765748415
1778279410.0389228,53,0,1764713774
1778279410.0389228,54,0,1764793586
1778279410.0389228,55,2,1765058750
1778279410.0389228,56,0,1763714410
1778279410.0389228,57,0,1764812893
1778279410.0389228,58,0,1765602988
1778279410.0389228,59,0,1764876273
1778279410.0389228,60,1,1765573167
1778279410.0389228,61,0,1764778989
1778279410.0389228,62,0,1764814616
1778279410.0389228,63,0,1764790142
1778279410.0389228,64,0,1764797346
1778279410.0389228,65,2,1765949590
1778279410.0389228,66,5,1764841755
1778279410.0389228,67,3,1764811726
1778279410.0389228,68,0,1764774079
1778279410.0389228,69,1,1764193525
1778279410.0389228,70,1,1764964083
1778279410.0389228,71,0,1764897301
1778279410.0389228,72,0,1764828686
1778279410.0389228,73,0,1764629285
1778279410.0389228,74,4,1763576955
1778279410.0389228,75,3,1764802103
1778279410.0389228,76,0,1764739431
1778279410.0389228,77,2,1764764395
1778279410.0389228,78,0,1764818766
1778279410.0389228,79,0,1764775902
1778279410.0389228,80,0,1764227138
1778279410.0389228,81,0,1764808371
1778279410.0389228,82,1,1764339259
1778279410.0389228,83,1,1765478354
1778279410.0389228,84,0,1764827889
1778279410.0389228,85,0,1764751868
1778279410.0389228,86,0,1764722408
1778279410.0389228,87,0,1764076160
1778279410.0389228,88,1,1764686250
1778279410.0389228,89,0,1764812442
1778279410.0389228,90,0,1764146907
1778279410.0389228,91,3,1765939242
1778279410.0389228,92,5,1766746929
1778279410.0389228,93,0,1764815914
1778279410.0389228,94,0,1764823365
1778279410.0389228,95,2,1763782180
1778279410.0389228,96,0,1764747160
1778279410.0389228,97,1,1765050273
1778279410.0389228,98,0,1764846341
1778279410.0389228,99,0,1765612305
1778279410.0389228,100,0,1764750680
1000000000,1,0,992371438
1000000000,2,0,992392555
1000000000,3,1,991702252
1000000000,4,0,992411241
1000000000,5,0,992609627
1000000000,6,1,992963233
1000000000,7,0,992539150
1000000000,8,0,992315879
1000000000,9,0,992391769
1000000000,10,0,992488599
1000000000,11,1,992374203
1000000000,12,0,992449177
1000000000,13,0,992362243
1000000000,14,0,992400437
1000000000,15,0,992195085
1000000000,16,0,992111787
1000000000,17,3,992415156
1000000000,18,0,992541833
1000000000,19,2,992428948
1000000000,20,0,992186209
1000000000,21,0,992446324
1000000000,22,0,992770154
1000000000,23,0,992515167
1000000000,24,1,992223988
1000000000,25,1,992124655
1000000000,26,1,993088382
1000000000,27,0,992400088
1000000000,28,0,992458857
1000000000,29,0,992444552
1000000000,30,1,992809151
1000000000,31,0,992408662
1000000000,32,0,992373761
1000000000,33,0,992426757
1000000000,34,0,992449089
1000000000,35,0,992494636
1000000000,36,0,992411537
1000000000,37,0,992475742
1000000000,38,0,992401406
1000000000,39,0,992544980
1000000000,40,0,993020389
1000000000,41,0,992387321
1000000000,42,2,992719416
1000000000,43,0,992021809
1000000000,44,1,991937176
1000000000,45,0,992401463
1000000000,46,0,992379389
1000000000,47,4,992444963
1000000000,48,0,992505728
1000000000,49,0,992404951
1000000000,50,0,992192441
1000000000,51,1,991429446
1000000000,52,0,992392116
1000000000,53,1,992491048
1000000000,54,0,992363332
1000000000,55,0,992428132
1000000000,56,0,992419239
1000000000,57,0,992666803
1000000000,58,2,991716379
1000000000,59,0,992465368
1000000000,60,1,992409784
1000000000,61,0,992396362
1000000000,62,0,992356382
1000000000,63,0,992484076
1000000000,64,1,992103947
1000000000,65,0,993001843
1000000000,66,0,992454671
1000000000,67,1,992681145
1000000000,68,0,992375461
1000000000,69,2,993096446
1000000000,70,0,992409621
1000000000,71,0,992713666
1000000000,72,0,992440344
1000000000,73,1,992336465
1000000000,74,0,992391490
1000000000,75,0,992305832
1000000000,76,0,992432386
1000000000,77,0,992447128
1000000000,78,0,992421432
1000000000,79,1,992015030
1000000000,80,0,992411066
1000000000,81,2,992453635
1000000000,82,0,992389168
1000000000,83,4,992879305
1000000000,84,0,992439795
1000000000,85,0,992400671
1000000000,86,0,992397536
1000000000,87,1,992071572
1000000000,88,0,991963271
1000000000,89,1,992560920
1000000000,90,0,992389982
1000000000,91,0,992417413
1000000000,92,2,992301379
1000000000,93,1,991658024
1000000000,94,0,992402790
1000000000,95,2,991834106
1000000000,96,0,992382535
1000000000,97,0,992393771
1000000000,98,0,992489061
1000000000,99,0,993176273
1000000000,100,0,992018782
562341325.1903491,1,3,557825101
562341325.1903491,2,0,558126708
562341325.1903491,3,71,558021875
562341325.1903491,4,0,558108460
562341325.1903491,5,1,558259314
562341325.1903491,6,0,558080147
562341325.1903491,7,105,558035715
562341325.1903491,8,0,558105587
562341325.1903491,9,0,558077035
562341325.1903491,10,0,558051444
562341325.1903491,11,0,558091900
562341325.1903491,12,0,557983024
562341325.1903491,13,0,558093413
562341325.1903491,14,0,558132804
562341325.1903491,15,0,558368115
562341325.1903491,16,1,557740820
562341325.1903491,17,0,558093936
562341325.1903491,18,0,558054325
562341325.1903491,19,0,558238381
562341325.1903491,20,0,558107478
562341325.1903491,21,0,558058092
562341325.1903491,22,0,557630559
562341325.1903491,23,0,558325169
562341325.1903491,24,0,558058702
562341325.1903491,25,0,558088920
562341325.1903491,26,2,558065790
562341325.1903491,27,14,558137727
562341325.1903491,28,0,558037250
562341325.1903491,29,0,558225376
562341325.1903491,30,0,558047129
562341325.1903491,31,0,558032455
562341325.1903491,32,1,558309040
562341325.1903491,33,0,558004614
562341325.1903491,34,4,558092004
562341325.1903491,35,2,557519898
562341325.1903491,36,2,558153646
562341325.1903491,37,0,558057566
562341325.1903491,38,0,558245768
562341325.1903491,39,1,558041461
562341325.1903491,40,0,558233220
562341325.1903491,41,0,558121566
562341325.1903491,42,1,557844282
562341325.1903491,43,0,558101159
562341325.1903491,44,0,558223852
562341325.1903491,45,0,557660887
562341325.1903491,46,0,558069402
562341325.1903491,47,0,558078087
562341325.1903491,48,1,558118580
562341325.1903491,49,0,558111300
562341325.1903491,50,0,558162405
562341325.1903491,51,0,558117113
562341325.1903491,52,1,558130786
562341325.1903491,53,0,558030824
562341325.1903491,54,0,558115587
562341325.1903491,55,0,558067378
562341325.1903491,56,0,558087577
562341325.1903491,57,0,557801196
562341325.1903491,58,0,558176598
562341325.1903491,59,0,558129456
562341325.1903491,60,5,558077264
562341325.1903491,61,0,558073113
562341325.1903491,62,0,558045677
562341325.1903491,63,2,558477691
562341325.1903491,64,0,558059517
562341325.1903491,65,0,558116198
562341325.1903491,66,0,558759588
562341325.1903491,67,0,557996814
562341325.1903491,68,0,558050866
562341325.1903491,69,0,558362989
562341325.1903491,70,2,558025263
562341325.1903491,71,0,558098677
562341325.1903491,72,0,558113289
562341325.1903491,73,0,558103928
562341325.1903491,74,0,558086380
562341325.1903491,75,0,558031563
562341325.1903491,76,17,558091005
562341325.1903491,77,0,558079953
562341325.1903491,78,1,558481393
562341325.1903491,79,0,557765789
562341325.1903491,80,2,558219217
562341325.1903491,81,0,558085693
562341325.1903491,82,2,558154440
562341325.1903491,83,0,558099029
562341325.1903491,84,0,558274921
562341325.1903491,85,1,557852025
562341325.1903491,86,0,558116889
562341325.1903491,87,0,558317363
562341325.1903491,88,0,558129955
562341325.1903491,89,0,557944894
562341325.1903491,90,0,558346951
562341325.1903491,91,0,558059166
562341325.1903491,92,2,557889188
562341325.1903491,93,0,558072778
562341325.1903491,94,0,558058623
562341325.1903491,95,21,558134785
562341325.1903491,96,1,558065911
562341325.1903491,97,0,558105315
562341325.1903491,98,0,558089138
562341325.1903491,99,0,558044431
562341325.1903491,100,0,558090036
316227766.01683795,1,11,313821672
316227766.01683795,2,134,313841136
316227766.01683795,3,2557,313832279
316227766.01683795,4,73,313854651
316227766.01683795,5,124,313855784
316227766.01683795,6,612,313809162
316227766.01683795,7,129,313799076
316227766.01683795,8,250,313842856
316227766.01683795,9,2836,313844822
316227766.01683795,10,84,313851539
316227766.01683795,11,796,313806788
316227766.01683795,12,1671,313841428
316227766.01683795,13,0,313825444
316227766.01683795,14,521,313817150
316227766.01683795,15,0,313819112
316227766.01683795,16,375,313818743
316227766.01683795,17,95,313827809
316227766.01683795,18,1080,313866100
316227766.01683795,19,513,313825744
316227766.01683795,20,324,313860421
316227766.01683795,21,1,314058792
316227766.01683795,22,454,313841911
316227766.01683795,23,345,313845076
316227766.01683795,24,19101,313795991
316227766.01683795,25,412,313838741
316227766.01683795,26,78,313835064
316227766.01683795,27,2350,313818393
316227766.01683795,28,20,313815997
316227766.01683795,29,183,313853512
316227766.01683795,30,135,313820699
316227766.01683795,31,143,313808672
316227766.01683795,32,151,313841312
316227766.01683795,33,72,313815232
316227766.01683795,34,0,313794793
316227766.01683795,35,182,313808753
316227766.01683795,36,104,313871553
316227766.01683795,37,28,313832138
316227766.01683795,38,196,313833827
316227766.01683795,39,146,313822995
316227766.01683795,40,357,313819789
316227766.01683795,41,171,313841366
316227766.01683795,42,69,313870401
316227766.01683795,43,156,313824654
316227766.01683795,44,618,313847100
316227766.01683795,45,532,313853974
316227766.01683795,46,168,313839156
316227766.01683795,47,1466,313804961
316227766.01683795,48,112,313790021
316227766.01683795,49,397,313824026
316227766.01683795,50,1715,313846989
316227766.01683795,51,135,313832877
316227766.01683795,52,1905,313822085
316227766.01683795,53,237,313832143
316227766.01683795,54,4354,313859495
316227766.01683795,55,1127,313855916
316227766.01683795,56,177,313823236
316227766.01683795,57,200,313836948
316227766.01683795,58,360,313826070
316227766.01683795,59,2847,313814990
316227766.01683795,60,174,313842077
316227766.01683795,61,224,313828221
316227766.01683795,62,742,313805297
316227766.01683795,63,297,313825414
316227766.01683795,64,225,313817593
316227766.01683795,65,118,313829313
316227766.01683795,66,493,313804455
316227766.01683795,67,291,313841961
316227766.01683795,68,300,313839655
316227766.01683795,69,233,313863028
316227766.01683795,70,277,313846277
316227766.01683795,71,295,313798323
316227766.01683795,72,5939,313827086
316227766.01683795,73,72,313798816
316227766.01683795,74,396,313836163
316227766.01683795,75,270,313826448
316227766.01683795,76,176,313838491
316227766.01683795,77,310,313811385
316227766.01683795,78,17705,313812015
316227766.01683795,79,416,313849482
316227766.01683795,80,184,313790475
316227766.01683795,81,732,313808926
316227766.01683795,82,598,313811521
316227766.01683795,83,190,313821383
316227766.01683795,84,1814,313819169
316227766.01683795,85,138,313872451
316227766.01683795,86,422,313855541
316227766.01683795,87,69,313832130
316227766.01683795,88,1342,313821615
316227766.01683795,89,80,313830313
316227766.01683795,90,146,313805078
316227766.01683795,91,453,313803615
316227766.01683795,92,34,313822428
316227766.01683795,93,63,313854738
316227766.01683795,94,216,313830445
316227766.01683795,95,160,313819846
316227766.01683795,96,2080,313819587
316227766.01683795,97,534,313796866
316227766.01683795,98,439,313826367
316227766.01683795,99,1799,313838652
316227766.01683795,100,2879,313811633
177827941.00389227,1,74065,176425247
177827941.00389227,2,68646,176413680
177827941.00389227,3,73411,176414516
177827941.00389227,4,61139,176438257
177827941.00389227,5,65445,176415880
177827941.00389227,6,361636,176117736
177827941.00389227,7,46222,176432794
177827941.00389227,8,25804,176452767
177827941.00389227,9,67672,176428522
177827941.00389227,10,71947,176412143
177827941.00389227,11,57518,176424214
177827941.00389227,12,8713241,167764743
177827941.00389227,13,84839,176430512
177827941.00389227,14,86849,176356228
177827941.00389227,15,134299,176358878
177827941.00389227,16,31509,176422268
177827941.00389227,17,155421,176372560
177827941.00389227,18,79188,176381249
177827941.00389227,19,78221,176392004
177827941.00389227,20,63942,176417410
177827941.00389227,21,59407,176419775
177827941.00389227,22,66989,176416502
177827941.00389227,23,495371,175969590
177827941.00389227,24,169148,176311892
177827941.00389227,25,75379,176425833
177827941.00389227,26,299083,176160474
177827941.00389227,27,65200,176405196
177827941.00389227,28,380131,176085644
177827941.00389227,29,59962,176422908
177827941.00389227,30,72294,176416337
177827941.00389227,31,59496,176421712
177827941.00389227,32,257103,176234312
177827941.00389227,33,124324,176349534
177827941.00389227,34,157017,176340290
177827941.00389227,35,172092,176300006
177827941.00389227,36,224437,176244445
177827941.00389227,37,2444948,174025121
177827941.00389227,38,54022,176434533
177827941.00389227,39,60863,176425072
177827941.00389227,40,125837,176366752
177827941.00389227,41,121723,176356276
177827941.00389227,42,119775,176365519
177827941.00389227,43,76175,176409133
177827941.00389227,44,73635,176404629
177827941.00389227,45,68326,176414687
177827941.00389227,46,64155,176401781
177827941.00389227,47,62679,176409576
177827941.00389227,48,58090,176411267
177827941.00389227,49,218062,176252524
177827941.00389227,50,96187,176381551
177827941.00389227,51,65376,176413631
177827941.00389227,52,71337,176394048
177827941.00389227,53,317397,176170977
177827941.00389227,54,66312,176421000
177827941.00389227,55,77737,176395031
177827941.00389227,56,81169,176402640
177827941.00389227,57,41390,176454425
177827941.00389227,58,306648,176186061
177827941.00389227,59,75180,176416845
177827941.00389227,60,279933,176215996
177827941.00389227,61,172871,176311461
177827941.00389227,62,177911,176298793
177827941.00389227,63,90999,176402315
177827941.00389227,64,59233,176413829
177827941.00389227,65,69010,176415862
177827941.00389227,66,63626,176413004
177827941.00389227,67,104857,176388070
177827941.00389227,68,77207,176407053
177827941.00389227,69,1252118,175212289
177827941.00389227,70,75041,176421550
177827941.00389227,71,77210,176410360
177827941.00389227,72,63895,176407250
177827941.00389227,73,277103,176202850
177827941.00389227,74,62977,176412914
177827941.00389227,75,287588,176187657
177827941.00389227,76,79609,176430075
177827941.00389227,77,92429,176375641
177827941.00389227,78,67323,176417036
177827941.00389227,79,21536,176461637
177827941.00389227,80,59746,176440979
177827941.00389227,81,138306,176342752
177827941.00389227,82,57557,176402196
177827941.00389227,83,200016,176310654
177827941.00389227,84,60718,176404812
177827941.00389227,85,90222,176381724
177827941.00389227,86,81225,176413890
177827941.00389227,87,105968,176372277
177827941.00389227,88,58698,176421442
177827941.00389227,89,70474,176414092
177827941.00389227,90,175148,176288130
177827941.00389227,91,68661,176412016
177827941.00389227,92,66837,176410712
177827941.00389227,93,51754,176428512
177827941.00389227,94,357155,176109079
177827941.00389227,95,61569,176410489
177827941.00389227,96,63419,176424449
177827941.00389227,97,63703,176459866
177827941.00389227,98,77372,176415920
177827941.00389227,99,60579,176406830
177827941.00389227,100,66685,176410013
100000000,1,3077971,96178795
100000000,2,2259162,96966493
100000000,3,1581119,97649791
100000000,4,4606139,94628818
100000000,5,12589987,86639463
100000000,6,1591425,97661319
100000000,7,2952238,96280790
100000000,8,1410930,97828470
100000000,9,1478293,97766052
100000000,10,1648060,97588224
100000000,11,2487021,96776360
100000000,12,2005197,97238425
100000000,13,2255269,96993251
100000000,14,1692765,97554365
100000000,15,1409802,97830396
100000000,16,2325916,96922915
100000000,17,2342411,96896590
100000000,18,1379506,97864793
100000000,19,1932493,97303562
100000000,20,1976370,97284678
100000000,21,2639280,96592655
100000000,22,1138957,98102812
100000000,23,1488788,97767919
100000000,24,2118462,97155659
100000000,25,1842732,97392902
100000000,26,1620948,97630110
100000000,27,1508468,97727049
100000000,28,3418806,95830277
100000000,29,1493396,97750655
100000000,30,1746319,97474961
100000000,31,4156242,95072844
100000000,32,1783565,97453785
100000000,33,1350181,97893590
100000000,34,4209694,95025433
100000000,35,2219027,97014867
100000000,36,1470370,97767490
100000000,37,1978904,97254159
100000000,38,1496675,97738363
100000000,39,2281329,96955370
100000000,40,1626408,97608292
100000000,41,1536927,97725931
100000000,42,1669382,97569909
100000000,43,2220572,97031696
100000000,44,9458702,89777122
100000000,45,1582650,97664204
100000000,46,2205266,97019895
100000000,47,2508457,96735468
100000000,48,1604471,97636708
100000000,49,1559754,97686269
100000000,50,2083515,97170110
100000000,51,1686327,97550208
100000000,52,2379499,96855034
100000000,53,3222724,96027384
100000000,54,1679805,97562154
100000000,55,5027048,94218241
100000000,56,2215176,97045967
100000000,57,1743844,97507136
100000000,58,2981459,96255736
100000000,59,2300341,96948819
100000000,60,2379173,96862488
100000000,61,1293210,97945986
100000000,62,4292491,94949879
100000000,63,1865235,97356908
100000000,64,8566752,90698498
100000000,65,1539669,97695549
100000000,66,5226342,94018644
100000000,67,1266913,97983606
100000000,68,1570432,97683775
100000000,69,2115832,97127147
100000000,70,1518629,97734562
100000000,71,2279382,96970170
100000000,72,1158634,98077947
100000000,73,1597607,97648045
100000000,74,2041976,97208410
100000000,75,1589972,97637439
100000000,76,1754804,97499269
100000000,77,1376526,97879076
100000000,78,2453835,96789287
100000000,79,5535248,93708704
100000000,80,4656564,94560071
100000000,81,2158807,97088165
100000000,82,1774840,97479223
100000000,83,1020089,98227442
100000000,84,1587480,97643372
100000000,85,333062,98923689
100000000,86,2294535,96942781
100000000,87,1577754,97661801
100000000,88,2094807,97152127
100000000,89,3457869,95800158
100000000,90,1874446,97363905
100000000,91,1759074,97475278
100000000,92,3419965,95815027
100000000,93,2405012,96849952
100000000,94,1253546,97994384
100000000,95,1415303,97800950
100000000,96,2269801,96966767
100000000,97,1828326,97422811
100000000,98,1856977,97398856
100000000,99,3048270,96200696
100000000,100,2062232,97181252
56234132.51903491,1,8068235,47739149
56234132.51903491,2,7537255,48265842
56234132.51903491,3,7731252,48093255
56234132.51903491,4,7156587,48646660
56234132.51903491,5,9211732,46595350
56234132.51903491,6,8330052,47478959
56234132.51903491,7,24229722,31588927
56234132.51903491,8,11016398,44790572
56234132.51903491,9,7819810,47988734
56234132.51903491,10,8104152,47715592
56234132.51903491,11,6620230,49187788
56234132.51903491,12,7616504,48190012
56234132.51903491,13,7887679,47917733
56234132.51903491,14,7522437,48289854
56234132.51903491,15,6653977,49168799
56234132.51903491,16,7041272,48763074
56234132.51903491,17,6847039,48962260
56234132.51903491,18,6851282,48970037
56234132.51903491,19,8895135,46908574
56234132.51903491,20,7246124,48566352
56234132.51903491,21,11025390,44789182
56234132.51903491,22,8572975,47235913
56234132.51903491,23,6554104,49253965
56234132.51903491,24,5560056,50252027
56234132.51903491,25,8662319,47148623
56234132.51903491,26,7080901,48724221
56234132.51903491,27,8300455,47504943
56234132.51903491,28,9731453,46074677
56234132.51903491,29,7156847,48662354
56234132.51903491,30,7413272,48388784
56234132.51903491,31,13192856,42616121
56234132.51903491,32,8208888,47597003
56234132.51903491,33,7202377,48614333
56234132.51903491,34,17170466,38632778
56234132.51903491,35,7977306,47838976
56234132.51903491,36,8171342,47610558
56234132.51903491,37,8533293,47270943
56234132.51903491,38,5724352,50086690
56234132.51903491,39,9079691,46739012
56234132.51903491,40,8115209,47682288
56234132.51903491,41,9432214,46371229
56234132.51903491,42,7633315,48182028
56234132.51903491,43,9484282,46324679
56234132.51903491,44,7220106,48582337
56234132.51903491,45,11888789,43926350
56234132.51903491,46,6935521,48871163
56234132.51903491,47,6767900,49037490
56234132.51903491,48,8873155,46940052
56234132.51903491,49,7268289,48538793
56234132.51903491,50,7969219,47832284
56234132.51903491,51,7210260,48594350
56234132.51903491,52,8471582,47340263
56234132.51903491,53,6495398,49304738
56234132.51903491,54,10552034,45241587
56234132.51903491,55,6861636,48929636
56234132.51903491,56,7267887,48532128
56234132.51903491,57,10893966,44907829
56234132.51903491,58,8314249,47497923
56234132.51903491,59,6804171,49017878
56234132.51903491,60,6899504,48924436
56234132.51903491,61,8354601,47474341
56234132.51903491,62,5644840,50171399
56234132.51903491,63,4462276,51349400
56234132.51903491,64,7651811,48155075
56234132.51903491,65,8089261,47711146
56234132.51903491,66,6271707,49541799
56234132.51903491,67,6678732,49128251
56234132.51903491,68,6549984,49265531
56234132.51903491,69,11567452,44244991
56234132.51903491,70,7499976,48303494
56234132.51903491,71,6720818,49073159
56234132.51903491,72,7194966,48600782
56234132.51903491,73,9608325,46208517
56234132.51903491,74,8194801,47602618
56234132.51903491,75,7002553,48807844
56234132.51903491,76,8291453,47508090
56234132.51903491,77,9047952,46746860
56234132.51903491,78,10330511,45470609
56234132.51903491,79,8445402,47366638
56234132.51903491,80,10127003,45683037
56234132.51903491,81,6584777,49230160
56234132.51903491,82,6809703,48993694
56234132.51903491,83,11138855,44665069
56234132.51903491,84,9824379,45999888
56234132.51903491,85,7830990,47980453
56234132.51903491,86,6063060,49744350
56234132.51903491,87,6559921,49246644
56234132.51903491,88,7998015,47811335
56234132.51903491,89,8089386,47707286
56234132.51903491,90,8830643,46975136
56234132.51903491,91,4972099,50831942
56234132.51903491,92,5102945,50702923
56234132.51903491,93,6571354,49239720
56234132.51903491,94,8340049,47464002
56234132.51903491,95,6847822,48973230
56234132.51903491,96,10090329,45736384
56234132.51903491,97,6325328,49462572
56234132.51903491,98,7539605,48272975
56234132.51903491,99,8532888,47270893
56234132.51903491,100,6703075,49090016
31622776.60168379,1,10796137,20582988
31622776.60168379,2,11246965,20128759
31622776.60168379,3,12443317,18943229
31622776.60168379,4,12086474,19298239
31622776.60168379,5,12200412,19178379
31622776.60168379,6,11058678,20321796
31622776.60168379,7,11598706,19775822
31622776.60168379,8,11144175,20242550
31622776.60168379,9,11304513,20078144
31622776.60168379,10,12103158,19284004
31622776.60168379,11,13449955,17930006
31622776.60168379,12,13768496,17628586
31622776.60168379,13,12882824,18502308
31622776.60168379,14,10907410,20477063
31622776.60168379,15,13175122,18209969
31622776.60168379,16,13044561,18334067
31622776.60168379,17,9824062,21560223
31622776.60168379,18,11224459,20167175
31622776.60168379,19,12582596,18784248
31622776.60168379,20,11298760,20090838
31622776.60168379,21,11259664,20131400
31622776.60168379,22,10967108,20407980
31622776.60168379,23,10934059,20441240
31622776.60168379,24,11258839,20113579
31622776.60168379,25,11375376,19997163
31622776.60168379,26,12004654,19380203
31622776.60168379,27,12639470,18748605
31622776.60168379,28,11490708,19894672
31622776.60168379,29,13489119,17900746
31622776.60168379,30,11544955,19829856
31622776.60168379,31,11457866,19922013
31622776.60168379,32,13434977,17954170
31622776.60168379,33,13649283,17738028
31622776.60168379,34,12032203,19346141
31622776.60168379,35,11683394,19697323
31622776.60168379,36,15643858,15734362
31622776.60168379,37,12587846,18793941
31622776.60168379,38,13203374,18182865
31622776.60168379,39,12023307,19360792
31622776.60168379,40,11507248,19871878
31622776.60168379,41,11862339,19522164
31622776.60168379,42,12969353,18423006
31622776.60168379,43,11244047,20139362
31622776.60168379,44,11895075,19488454
31622776.60168379,45,10951145,20427964
31622776.60168379,46,11516973,19860356
31622776.60168379,47,12759910,18615441
31622776.60168379,48,12280497,19091956
31622776.60168379,49,148,31379977
31622776.60168379,50,11730063,19660388
31622776.60168379,51,13211644,18177099
31622776.60168379,52,11660506,19713131
31622776.60168379,53,11279058,20106269
31622776.60168379,54,12041472,19338279
31622776.60168379,55,12609706,18787559
31622776.60168379,56,11874851,19508942
31622776.60168379,57,13397134,17986624
31622776.60168379,58,17927896,13452978
31622776.60168379,59,11129107,20256314
31622776.60168379,60,11685544,19701505
31622776.60168379,61,11788335,19588311
31622776.60168379,62,11730967,19655624
31622776.60168379,63,11455493,19926513
31622776.60168379,64,11047378,20334674
31622776.60168379,65,13477667,17900463
31622776.60168379,66,12768160,18622449
31622776.60168379,67,11338513,20031885
31622776.60168379,68,13280409,18101953
31622776.60168379,69,11814239,19569535
31622776.60168379,70,12552609,18832249
31622776.60168379,71,10790588,20597417
31622776.60168379,72,14658811,16725346
31622776.60168379,73,11498145,19882008
31622776.60168379,74,11612294,19774696
31622776.60168379,75,11394613,19988973
31622776.60168379,76,12055316,19320236
31622776.60168379,77,12133445,19244467
31622776.60168379,78,11361609,20018475
31622776.60168379,79,12342952,19037295
31622776.60168379,80,10288776,21100706
31622776.60168379,81,11486983,19885571
31622776.60168379,82,12709197,18684019
31622776.60168379,83,11274792,20108126
31622776.60168379,84,10284591,21095021
31622776.60168379,85,11893623,19487131
31622776.60168379,86,12784032,18595607
31622776.60168379,87,11346093,20048300
31622776.60168379,88,11007682,20371725
31622776.60168379,89,11732560,19649486
31622776.60168379,90,12223376,19161728
31622776.60168379,91,11227105,20159790
31622776.60168379,92,11624741,19764424
31622776.60168379,93,9305113,22089003
31622776.60168379,94,10068277,21314978
31622776.60168379,95,11026950,20361308
31622776.60168379,96,10244327,21137862
31622776.60168379,97,12766576,18602698
31622776.60168379,98,12093685,19293447
31622776.60168379,99,12793646,18585648
31622776.60168379,100,11309217,20079317
17782794.100389227,1,10641724,7002790
17782794.100389227,2,10730434,6922590
17782794.100389227,3,10615843,7028241
17782794.100389227,4,10907783,6735996
17782794.100389227,5,10410680,7236786
17782794.100389227,6,10502209,7143183
17782794.100389227,7,10649448,6997594
17782794.100389227,8,11110338,6534734
17782794.100389227,9,12452804,5197733
17782794.100389227,10,11300992,6350654
17782794.100389227,11,10251828,7398950
17782794.100389227,12,10991140,6658851
17782794.100389227,13,10225905,7424590
17782794.100389227,14,11144087,6505570
17782794.100389227,15,11541173,6108630
17782794.100389227,16,10863217,6787110
17782794.100389227,17,10816376,6825581
17782794.100389227,18,10520073,7126305
17782794.100389227,19,10623083,7023914
17782794.100389227,20,10669479,6979962
17782794.100389227,21,11220070,6435456
17782794.100389227,22,10975530,6670374
17782794.100389227,23,11050197,6598162
17782794.100389227,24,11496505,6158275
17782794.100389227,25,10978798,6670460
17782794.100389227,26,10874245,6770187
17782794.100389227,27,10725505,6908811
17782794.100389227,28,11016253,6629648
17782794.100389227,29,12461150,5193542
17782794.100389227,30,10610114,7032291
17782794.100389227,31,10484204,7171510
17782794.100389227,32,10751310,6900847
17782794.100389227,33,11303314,6341425
17782794.100389227,34,10480381,7169443
17782794.100389227,35,10874872,6775011
17782794.100389227,36,10698218,6947588
17782794.100389227,37,11381685,6262602
17782794.100389227,38,10473303,7181251
17782794.100389227,39,10853088,6790607
17782794.100389227,40,10307204,7351005
17782794.100389227,41,10688167,6962384
17782794.100389227,42,10697640,6951951
17782794.100389227,43,10713936,6935357
17782794.100389227,44,11115855,6537177
17782794.100389227,45,11055348,6587524
17782794.100389227,46,11926569,5716772
17782794.100389227,47,12269638,5377362
17782794.100389227,48,11300390,6346294
17782794.100389227,49,9982796,7656276
17782794.100389227,50,10651514,7000811
17782794.100389227,51,10704892,6943879
17782794.100389227,52,9760944,7887763
17782794.100389227,53,10393844,7258272
17782794.100389227,54,11334583,6319007
17782794.100389227,55,10466999,7175562
17782794.100389227,56,10469125,7185320
17782794.100389227,57,10042811,7606047
17782794.100389227,58,12104482,5542322
17782794.100389227,59,10748399,6905010
17782794.100389227,60,10510645,7131973
17782794.100389227,61,7594918,10053553
17782794.100389227,62,10442566,7206123
17782794.100389227,63,10450482,7199943
17782794.100389227,64,9615276,8028677
17782794.100389227,65,11282223,6364509
17782794.100389227,66,10680386,6964636
17782794.100389227,67,10945746,6703807
17782794.100389227,68,9448926,8206745
17782794.100389227,69,11579721,6064447
17782794.100389227,70,11283401,6364846
17782794.100389227,71,10650923,7001012
17782794.100389227,72,10816032,6835531
17782794.100389227,73,10868377,6785510
17782794.100389227,74,11361306,6280136
17782794.100389227,75,14228033,3415737
17782794.100389227,76,10611848,7043014
17782794.100389227,77,10579876,7079083
17782794.100389227,78,11688548,5955518
17782794.100389227,79,10639693,7005274
17782794.100389227,80,10746717,6903868
17782794.100389227,81,10907970,6742222
17782794.100389227,82,10370231,7276787
17782794.100389227,83,10397665,7251399
17782794.100389227,84,10484588,7168322
17782794.100389227,85,11166096,6485949
17782794.100389227,86,10453421,7193156
17782794.100389227,87,10556340,7087352
17782794.100389227,88,11077133,6577360
17782794.100389227,89,10770500,6881808
17782794.100389227,90,11348900,6296852
17782794.100389227,91,11008857,6646193
17782794.100389227,92,10518637,7131863
17782794.100389227,93,11694466,5949303
17782794.100389227,94,10265778,7378534
17782794.100389227,95,10431389,7209709
17782794.100389227,96,10447381,7198525
17782794.100389227,97,10440916,7200095
17782794.100389227,98,9202026,8446975
17782794.100389227,99,10546404,7103747
17782794.100389227,100,10753375,6892685
10000000,1,7606393,2313116
10000000,2,7760115,2169230
10000000,3,7698388,2231748
10000000,4,7339438,2580481
10000000,5,7676306,2247939
10000000,6,7807100,2116345
10000000,7,8112396,1810658
10000000,8,7601714,2321510
10000000,9,7874271,2054534
10000000,10,7929374,1998470
10000000,11,7563170,2360609
10000000,12,7844013,2082125
10000000,13,7558335,2363831
10000000,14,8053698,1872665
10000000,15,7880933,2040339
10000000,16,7861418,2066446
10000000,17,7557354,2369318
10000000,18,7718679,2210001
10000000,19,7661472,2265242
10000000,20,7660652,2266410
10000000,21,7914242,2004765
10000000,22,7732456,2191899
10000000,23,7979315,1942411
10000000,24,7718594,2207638
10000000,25,7923616,2003368
10000000,26,7913211,2003999
10000000,27,7795481,2126907
10000000,28,7580687,2342758
10000000,29,7592024,2335296
10000000,30,7880467,2043552
10000000,31,7652580,2270966
10000000,32,7594555,2330468
10000000,33,7606352,2318196
10000000,34,7857301,2065479
10000000,35,7605313,2323961
10000000,36,7608009,2317657
10000000,37,7649677,2274823
10000000,38,7622747,2300498
10000000,39,8315742,1611886
10000000,40,7955198,1962584
10000000,41,7788582,2136094
10000000,42,7796941,2123935
10000000,43,8238919,1685196
10000000,44,7843297,2082977
10000000,45,7577938,2345396
10000000,46,7890338,2029687
10000000,47,8067191,1857232
10000000,48,7697504,2221848
10000000,49,7647254,2279688
10000000,50,7817860,2110051
10000000,51,8214562,1706432
10000000,52,7378727,2550553
10000000,53,7814255,2113371
10000000,54,8002070,1922680
10000000,55,7314632,2614565
10000000,56,8431853,1495673
10000000,57,7441294,2477963
10000000,58,7568886,2357497
10000000,59,7769975,2153501
10000000,60,7644084,2284036
10000000,61,7778804,2146646
10000000,62,7925887,2000033
10000000,63,7566995,2355335
10000000,64,7604194,2313998
10000000,65,7524777,2397600
10000000,66,7668257,2256923
10000000,67,7629350,2298183
10000000,68,7615676,2307516
10000000,69,7557061,2366912
10000000,70,7564236,2358674
10000000,71,8013319,1912834
10000000,72,7542048,2374024
10000000,73,7590498,2335349
10000000,74,7687949,2239170
10000000,75,7965343,1956218
10000000,76,7440161,2484644
10000000,77,7639104,2288514
10000000,78,7405101,2519250
10000000,79,8022193,1904665
10000000,80,7864302,2058481
10000000,81,7842090,2087755
10000000,82,7354499,2571430
10000000,83,7545476,2378457
10000000,84,7638562,2284041
10000000,85,7863040,2057159
10000000,86,8287304,1629039
10000000,87,8519734,1407631
10000000,88,7871159,2050888
10000000,89,7556366,2371123
10000000,90,7666056,2253285
10000000,91,8370459,1553223
10000000,92,7778909,2146798
10000000,93,7891735,2032690
10000000,94,7675899,2242800
10000000,95,7785194,2141719
10000000,96,7910261,2017381
10000000,97,7857967,2069153
10000000,98,7820618,2106988
10000000,99,7607487,2316468
10000000,100,7674164,2248325
5623413.251903491,1,4837683,748249
5623413.251903491,2,4877235,704855
5623413.251903491,3,4865159,714633
5623413.251903491,4,4823665,754181
5623413.251903491,5,4888082,691538
5623413.251903491,6,5027362,550007
5623413.251903491,7,4424766,1155384
5623413.251903491,8,4833235,748006
5623413.251903491,9,4868584,711410
5623413.251903491,10,4828672,748168
5623413.251903491,11,4817686,761899
5623413.251903491,12,4838988,745233
5623413.251903491,13,4863687,718998
5623413.251903491,14,4835258,749487
5623413.251903491,15,4829912,755778
5623413.251903491,16,4861649,721539
5623413.251903491,17,4854951,723825
5623413.251903491,18,4844882,737063
5623413.251903491,19,4833794,747592
5623413.251903491,20,4821694,754859
5623413.251903491,21,4886639,694819
5623413.251903491,22,4838757,739298
5623413.251903491,23,4839979,741622
5623413.251903491,24,4752308,827955
5623413.251903491,25,4963003,613290
5623413.251903491,26,4771268,808613
5623413.251903491,27,4859774,721406
5623413.251903491,28,4863546,720555
5623413.251903491,29,4822968,759402
5623413.251903491,30,4851867,732235
5623413.251903491,31,4821005,760149
5623413.251903491,32,4865735,717437
5623413.251903491,33,4845663,738703
5623413.251903491,34,4833334,747408
5623413.251903491,35,4807816,777197
5623413.251903491,36,4803981,771340
5623413.251903491,37,4882029,700859
5623413.251903491,38,4887244,694394
5623413.251903491,39,4948341,634666
5623413.251903491,40,4824945,756754
5623413.251903491,41,4849143,728382
5623413.251903491,42,4842501,740917
5623413.251903491,43,4842001,736768
5623413.251903491,44,5004700,579287
5623413.251903491,45,4806465,779386
5623413.251903491,46,4940569,640068
5623413.251903491,47,4862320,713153
5623413.251903491,48,4847120,731317
5623413.251903491,49,4880650,696752
5623413.251903491,50,4845740,733184
5623413.251903491,51,4775803,804279
5623413.251903491,52,4887797,697092
5623413.251903491,53,4873429,707638
5623413.251903491,54,5147759,429614
5623413.251903491,55,4948680,627005
5623413.251903491,56,4867185,711382
5623413.251903491,57,4802327,779370
5623413.251903491,58,4848514,737114
5623413.251903491,59,4817719,761786
5623413.251903491,60,4871687,704630
5623413.251903491,61,4941145,638676
5623413.251903491,62,4839589,741338
5623413.251903491,63,4893415,691132
5623413.251903491,64,4802999,779973
5623413.251903491,65,4860881,719340
5623413.251903491,66,4843817,738376
5623413.251903491,67,4843842,738106
5623413.251903491,68,4838833,744067
5623413.251903491,69,4857342,725111
5623413.251903491,70,5072175,503319
5623413.251903491,71,4884390,694355
5623413.251903491,72,4940772,639328
5623413.251903491,73,4858766,723258
5623413.251903491,74,4822698,755023
5623413.251903491,75,4895002,683533
5623413.251903491,76,4847333,729681
5623413.251903491,77,4883945,702268
5623413.251903491,78,5069823,512983
5623413.251903491,79,4870863,707929
5623413.251903491,80,4906167,670563
5623413.251903491,81,4835810,743495
5623413.251903491,82,4828373,753189
5623413.251903491,83,4926699,656426
5623413.251903491,84,4849502,731214
5623413.251903491,85,4869185,712185
5623413.251903491,86,4982849,593875
5623413.251903491,87,4887251,694288
5623413.251903491,88,4876310,706774
5623413.251903491,89,4868888,710294
5623413.251903491,90,4836091,747575
5623413.251903491,91,4823775,755362
5623413.251903491,92,4858045,723565
5623413.251903491,93,4875007,707718
5623413.251903491,94,4853215,729373
5623413.251903491,95,4818057,760804
5623413.251903491,96,4901557,677728
5623413.251903491,97,4934452,647984
5623413.251903491,98,4873843,705002
5623413.251903491,99,4829200,753827
5623413.251903491,100,4812802,766928
3162277.6601683795,1,2911339,228535
3162277.6601683795,2,2903492,234833
3162277.6601683795,3,2903475,235090
3162277.6601683795,4,2933120,204100
3162277.6601683795,5,2925560,213683
3162277.6601683795,6,2882269,257022
3162277.6601683795,7,2912142,227018
3162277.6601683795,8,2927750,208064
3162277.6601683795,9,2916424,224213
3162277.6601683795,10,2935224,207273
3162277.6601683795,11,2902149,234146
3162277.6601683795,12,2915146,221333
3162277.6601683795,13,2902528,238961
3162277.6601683795,14,2919617,218305
3162277.6601683795,15,2888100,250356
3162277.6601683795,16,2908661,229462
3162277.6601683795,17,2899507,238577
3162277.6601683795,18,2903844,235648
3162277.6601683795,19,2915141,223651
3162277.6601683795,20,2894838,244213
3162277.6601683795,21,2906184,233896
3162277.6601683795,22,2883113,255525
3162277.6601683795,23,2892689,241803
3162277.6601683795,24,2918197,219308
3162277.6601683795,25,2928858,210523
3162277.6601683795,26,2914741,223875
3162277.6601683795,27,2957164,183017
3162277.6601683795,28,2977918,162597
3162277.6601683795,29,2894570,238516
3162277.6601683795,30,2907338,229131
3162277.6601683795,31,2912541,226982
3162277.6601683795,32,2918796,219694
3162277.6601683795,33,2893000,247077
3162277.6601683795,34,2919227,219754
3162277.6601683795,35,3013458,123816
3162277.6601683795,36,2919655,219454
3162277.6601683795,37,2885030,253986
3162277.6601683795,38,2912388,227237
3162277.6601683795,39,2870264,266930
3162277.6601683795,40,2640619,497037
3162277.6601683795,41,2905811,232611
3162277.6601683795,42,2960290,177549
3162277.6601683795,43,2948118,190463
3162277.6601683795,44,2901342,235085
3162277.6601683795,45,2918414,219968
3162277.6601683795,46,2908907,227946
3162277.6601683795,47,2900737,236145
3162277.6601683795,48,2926122,210258
3162277.6601683795,49,2889790,244338
3162277.6601683795,50,2904616,233412
3162277.6601683795,51,2834529,306879
3162277.6601683795,52,2884598,253977
3162277.6601683795,53,2896491,239661
3162277.6601683795,54,2909435,226964
3162277.6601683795,55,2907079,231052
3162277.6601683795,56,2936565,201192
3162277.6601683795,57,2914525,225204
3162277.6601683795,58,2964585,173279
3162277.6601683795,59,2855728,283777
3162277.6601683795,60,2900765,237993
3162277.6601683795,61,2921104,217840
3162277.6601683795,62,2883591,254640
3162277.6601683795,63,2893989,245233
3162277.6601683795,64,2953823,189667
3162277.6601683795,65,2909357,229221
3162277.6601683795,66,2898604,236651
3162277.6601683795,67,2937833,202178
3162277.6601683795,68,2904580,234596
3162277.6601683795,69,2967042,174425
3162277.6601683795,70,2936922,201041
3162277.6601683795,71,2909665,228480
3162277.6601683795,72,2929538,206486
3162277.6601683795,73,2920255,216081
3162277.6601683795,74,2889713,245815
3162277.6601683795,75,2895728,241661
3162277.6601683795,76,2888092,249218
3162277.6601683795,77,2900635,237602
3162277.6601683795,78,2914682,220877
3162277.6601683795,79,2900518,239101
3162277.6601683795,80,2904917,234933
3162277.6601683795,81,2908647,226518
3162277.6601683795,82,2898147,243649
3162277.6601683795,83,2996906,142184
3162277.6601683795,84,2925191,212063
3162277.6601683795,85,2911145,226648
3162277.6601683795,86,2954396,182701
3162277.6601683795,87,2902880,236643
3162277.6601683795,88,2890441,247730
3162277.6601683795,89,2924684,212562
3162277.6601683795,90,2908620,231120
3162277.6601683795,91,2931504,204996
3162277.6601683795,92,2902766,237816
3162277.6601683795,93,2893438,245685
3162277.6601683795,94,2904837,234305
3162277.6601683795,95,2920153,215700
3162277.6601683795,96,2922098,215713
3162277.6601683795,97,2926783,209722
3162277.6601683795,98,2898727,239276
3162277.6601683795,99,2870148,268577
3162277.6601683795,100,2926138,207964
1778279.410038923,1,1692984,71793
1778279.410038923,2,1706705,57393
1778279.410038923,3,1695140,71529
1778279.410038923,4,1695632,71629
1778279.410038923,5,1698732,68289
1778279.410038923,6,1702685,64167
1778279.410038923,7,1683986,79742
1778279.410038923,8,1690858,74579
1778279.410038923,9,1688264,75022
1778279.410038923,10,1698036,67070
1778279.410038923,11,1681205,83508
1778279.410038923,12,1691665,73760
1778279.410038923,13,1685629,78962
1778279.410038923,14,1687815,77016
1778279.410038923,15,1697245,67244
1778279.410038923,16,1684918,79379
1778279.410038923,17,1703490,63304
1778279.410038923,18,1689837,74139
1778279.410038923,19,1703883,61304
1778279.410038923,20,1697623,67676
1778279.410038923,21,1684527,79449
1778279.410038923,22,1694533,70570
1778279.410038923,23,1691544,74347
1778279.410038923,24,1696559,69419
1778279.410038923,25,1695012,71132
1778279.410038923,26,1690385,75178
1778279.410038923,27,1705452,60946
1778279.410038923,28,1694539,69144
1778279.410038923,29,1692154,72241
1778279.410038923,30,1696897,68225
1778279.410038923,31,1689454,74084
1778279.410038923,32,1703585,63133
1778279.410038923,33,1701330,62699
1778279.410038923,34,1686967,74863
1778279.410038923,35,1691478,70759
1778279.410038923,36,1722770,40674
1778279.410038923,37,1693550,70882
1778279.410038923,38,1690486,72735
1778279.410038923,39,1698541,67429
1778279.410038923,40,1687515,76991
1778279.410038923,41,1692595,71021
1778279.410038923,42,1706843,57885
1778279.410038923,43,1688540,77494
1778279.410038923,44,1696197,70268
1778279.410038923,45,1700017,66319
1778279.410038923,46,1682661,83901
1778279.410038923,47,1694043,70748
1778279.410038923,48,1687544,76318
1778279.410038923,49,1696150,68619
1778279.410038923,50,1679398,83940
1778279.410038923,51,1699271,66043
1778279.410038923,52,1692679,73205
1778279.410038923,53,1703082,61401
1778279.410038923,54,1688129,75574
1778279.410038923,55,1690836,74531
1778279.410038923,56,1716086,49360
1778279.410038923,57,1703460,63418
1778279.410038923,58,1692788,72761
1778279.410038923,59,1695023,69938
1778279.410038923,60,1691368,74885
1778279.410038923,61,1696860,66717
1778279.410038923,62,1698796,66803
1778279.410038923,63,1693658,67633
1778279.410038923,64,1693573,72426
1778279.410038923,65,1693430,70510
1778279.410038923,66,1689978,76325
1778279.410038923,67,1689384,74010
1778279.410038923,68,1703714,61166
1778279.410038923,69,1692376,74750
1778279.410038923,70,1686566,78635
1778279.410038923,71,1692639,74777
1778279.410038923,72,1698489,67220
1778279.410038923,73,1696413,69144
1778279.410038923,74,1698470,66745
1778279.410038923,75,1687457,77244
1778279.410038923,76,1687250,74666
1778279.410038923,77,1686154,78803
1778279.410038923,78,1686820,76941
1778279.410038923,79,1692821,73344
1778279.410038923,80,1700392,65122
1778279.410038923,81,1702586,61440
1778279.410038923,82,1701872,65959
1778279.410038923,83,1690374,73543
1778279.410038923,84,1710350,53155
1778279.410038923,85,1682135,81683
1778279.410038923,86,1707212,60099
1778279.410038923,87,1699501,66917
1778279.410038923,88,1685168,79788
1778279.410038923,89,1694141,69018
1778279.410038923,90,1688091,76690
1778279.410038923,91,1696500,69780
1778279.410038923,92,1694856,69845
1778279.410038923,93,1695911,70167
1778279.410038923,94,1685137,82681
1778279.410038923,95,1685865,78453
1778279.410038923,96,1693669,73401
1778279.410038923,97,1704525,62006
1778279.410038923,98,1692528,71433
1778279.410038923,99,1686724,77981
1778279.410038923,100,1696437,69713
1000000,1,963653,27812
1000000,2,970804,20371
1000000,3,967793,25013
1000000,4,971331,20032
1000000,5,973379,19550
1000000,6,966959,24840
1000000,7,962318,31277
1000000,8,967865,23947
1000000,9,971027,21268
1000000,10,963400,28380
1000000,11,972129,20426
1000000,12,975564,17007
1000000,13,973201,21346
1000000,14,968878,22885
1000000,15,968566,22555
1000000,16,973780,18962
1000000,17,963574,28781
1000000,18,972153,20079
1000000,19,972024,20501
1000000,20,967399,25831
1000000,21,972986,21720
1000000,22,969003,25105
1000000,23,964724,26848
1000000,24,966853,24912
1000000,25,971785,20631
1000000,26,970955,20548
1000000,27,969192,23074
1000000,28,976915,15163
1000000,29,967579,24397
1000000,30,966728,25276
1000000,31,972867,20177
1000000,32,970791,20644
1000000,33,970071,21269
1000000,34,967325,25477
1000000,35,973459,19547
1000000,36,968122,24202
1000000,37,973827,20359
1000000,38,970724,21345
1000000,39,969612,22285
1000000,40,968450,23223
1000000,41,976054,16754
1000000,42,970298,22602
1000000,43,971335,20927
1000000,44,973448,19480
1000000,45,967829,23612
1000000,46,975016,19637
1000000,47,974962,17586
1000000,48,971285,22046
1000000,49,975673,15822
1000000,50,972387,20705
1000000,51,968460,23309
1000000,52,969063,23382
1000000,53,971484,21618
1000000,54,974626,19065
1000000,55,971721,21010
1000000,56,970584,22007
1000000,57,967022,25807
1000000,58,974520,19491
1000000,59,972009,21206
1000000,60,966729,26189
1000000,61,971554,20785
1000000,62,967294,25656
1000000,63,972718,20455
1000000,64,969202,25485
1000000,65,972010,21286
1000000,66,970427,20580
1000000,67,968550,23569
1000000,68,970159,22684
1000000,69,968206,23444
1000000,70,971820,20726
1000000,71,968450,25195
1000000,72,972038,20878
1000000,73,973446,18304
1000000,74,973849,19565
1000000,75,969592,20602
1000000,76,837642,154834
1000000,77,968322,22995
1000000,78,971416,17001
1000000,79,967661,24900
1000000,80,971528,21462
1000000,81,972903,19420
1000000,82,968026,24881
1000000,83,971459,20672
1000000,84,969422,23343
1000000,85,968974,23398
1000000,86,970124,22304
1000000,87,973919,18144
1000000,88,972968,21057
1000000,89,971625,18969
1000000,90,971641,21229
1000000,91,968534,23572
1000000,92,969327,20821
1000000,93,965608,26963
1000000,94,973003,18267
1000000,95,976106,17316
1000000,96,970469,21790
1000000,97,978766,12391
1000000,98,965220,28570
1000000,99,972607,19994
1000000,100,972093,20845
562341.3251903491,1,552812,6792
562341.3251903491,2,549327,7326
562341.3251903491,3,551503,7288
562341.3251903491,4,549628,7555
562341.3251903491,5,550216,8092
562341.3251903491,6,552195,7235
562341.3251903491,7,550810,6493
562341.3251903491,8,550835,7622
562341.3251903491,9,551095,6564
562341.3251903491,10,550590,7072
562341.3251903491,11,551291,7043
562341.3251903491,12,552496,6500
562341.3251903491,13,550082,7228
562341.3251903491,14,553074,5696
562341.3251903491,15,550560,7503
562341.3251903491,16,552866,6021
562341.3251903491,17,552640,5300
562341.3251903491,18,550367,7189
562341.3251903491,19,551276,7331
562341.3251903491,20,549970,6520
562341.3251903491,21,549343,8859
562341.3251903491,22,553071,5939
562341.3251903491,23,551518,6002
562341.3251903491,24,551099,6690
562341.3251903491,25,548590,9201
562341.3251903491,26,551447,5417
562341.3251903491,27,552740,5346
562341.3251903491,28,549169,9274
562341.3251903491,29,551673,7498
562341.3251903491,30,549493,8201
562341.3251903491,31,553035,4925
562341.3251903491,32,551287,6622
562341.3251903491,33,547896,8627
562341.3251903491,34,551128,7465
562341.3251903491,35,551049,7973
562341.3251903491,36,550760,6760
562341.3251903491,37,552014,7705
562341.3251903491,38,548434,8772
562341.3251903491,39,550739,6763
562341.3251903491,40,551861,6089
562341.3251903491,41,549006,7837
562341.3251903491,42,551004,7972
562341.3251903491,43,550195,7890
562341.3251903491,44,553550,6163
562341.3251903491,45,549970,6603
562341.3251903491,46,549061,7921
562341.3251903491,47,551682,5878
562341.3251903491,48,547873,9808
562341.3251903491,49,553502,4993
562341.3251903491,50,552732,5232
562341.3251903491,51,552068,5946
562341.3251903491,52,552007,7538
562341.3251903491,53,551317,7158
562341.3251903491,54,553491,4877
562341.3251903491,55,553470,4905
562341.3251903491,56,551925,7119
562341.3251903491,57,550905,6969
562341.3251903491,58,549613,8555
562341.3251903491,59,548348,9124
562341.3251903491,60,550856,5161
562341.3251903491,61,549732,9413
562341.3251903491,62,550541,7840
562341.3251903491,63,550960,6926
562341.3251903491,64,547220,10700
562341.3251903491,65,549195,8956
562341.3251903491,66,551348,7424
562341.3251903491,67,550492,7518
562341.3251903491,68,552467,5440
562341.3251903491,69,550184,7804
562341.3251903491,70,551381,7368
562341.3251903491,71,551206,8018
562341.3251903491,72,552177,6212
562341.3251903491,73,551275,6735
562341.3251903491,74,551771,6118
562341.3251903491,75,554071,5285
562341.3251903491,76,550791,7972
562341.3251903491,77,549109,7836
562341.3251903491,78,549718,7208
562341.3251903491,79,551284,6758
562341.3251903491,80,555182,3652
562341.3251903491,81,552321,6869
562341.3251903491,82,550665,6781
562341.3251903491,83,550657,6781
562341.3251903491,84,552145,6553
562341.3251903491,85,553705,6827
562341.3251903491,86,550276,8291
562341.3251903491,87,552047,6437
562341.3251903491,88,550033,8396
562341.3251903491,89,551766,6593
562341.3251903491,90,552972,6140
562341.3251903491,91,551297,7005
562341.3251903491,92,550018,7091
562341.3251903491,93,551773,5691
562341.3251903491,94,551450,6175
562341.3251903491,95,548919,8644
562341.3251903491,96,552053,6597
562341.3251903491,97,549776,8723
562341.3251903491,98,552526,5331
562341.3251903491,99,554460,4751
562341.3251903491,100,553078,6041
316227.7660168379,1,312043,1656
316227.7660168379,2,311803,2416
316227.7660168379,3,311476,1638
316227.7660168379,4,310736,2550
316227.7660168379,5,307650,4668
316227.7660168379,6,312190,2037
316227.7660168379,7,310724,2540
316227.7660168379,8,310890,2400
316227.7660168379,9,311181,2666
316227.7660168379,10,312553,1929
316227.7660168379,11,311456,2298
316227.7660168379,12,312413,1527
316227.7660168379,13,312282,1107
316227.7660168379,14,310536,2183
316227.7660168379,15,311236,2594
316227.7660168379,16,312245,1940
316227.7660168379,17,310537,3126
316227.7660168379,18,312636,2534
316227.7660168379,19,310804,2817
316227.7660168379,20,313462,610
316227.7660168379,21,310579,2190
316227.7660168379,22,311994,1605
316227.7660168379,23,312389,1933
316227.7660168379,24,312130,1311
316227.7660168379,25,311842,1708
316227.7660168379,26,313014,1146
316227.7660168379,27,311805,1277
316227.7660168379,28,310990,2396
316227.7660168379,29,310409,3116
316227.7660168379,30,312051,1142
316227.7660168379,31,311120,1796
316227.7660168379,32,312072,1942
316227.7660168379,33,313055,1424
316227.7660168379,34,310868,3231
316227.7660168379,35,312780,1425
316227.7660168379,36,312207,1773
316227.7660168379,37,310339,3919
316227.7660168379,38,311154,2349
316227.7660168379,39,311456,1522
316227.7660168379,40,311031,2640
316227.7660168379,41,311127,3212
316227.7660168379,42,311883,2381
316227.7660168379,43,312874,1043
316227.7660168379,44,312740,1939
316227.7660168379,45,310168,2822
316227.7660168379,46,311064,2943
316227.7660168379,47,312982,1598
316227.7660168379,48,310839,2119
316227.7660168379,49,312207,1804
316227.7660168379,50,312492,1858
316227.7660168379,51,312608,2253
316227.7660168379,52,311433,1657
316227.7660168379,53,309833,3827
316227.7660168379,54,311316,2353
316227.7660168379,55,312042,1860
316227.7660168379,56,310630,2591
316227.7660168379,57,311062,2474
316227.7660168379,58,310197,3084
316227.7660168379,59,310220,2454
316227.7660168379,60,312764,2070
316227.7660168379,61,311383,2019
316227.7660168379,62,311603,2349
316227.7660168379,63,311210,2002
316227.7660168379,64,311581,1880
316227.7660168379,65,311107,2606
316227.7660168379,66,311097,2298
316227.7660168379,67,313065,786
316227.7660168379,68,312194,1475
316227.7660168379,69,312169,1776
316227.7660168379,70,309622,3887
316227.7660168379,71,311871,2070
316227.7660168379,72,311014,2920
316227.7660168379,73,312479,1947
316227.7660168379,74,311393,2292
316227.7660168379,75,311361,1939
316227.7660168379,76,311517,2747
316227.7660168379,77,311713,1582
316227.7660168379,78,311595,3052
316227.7660168379,79,309052,4330
316227.7660168379,80,312560,1647
316227.7660168379,81,310747,2354
316227.7660168379,82,312011,2520
316227.7660168379,83,310890,2853
316227.7660168379,84,310351,3836
316227.7660168379,85,309740,4458
316227.7660168379,86,312481,2703
316227.7660168379,87,311619,2059
316227.7660168379,88,312551,1735
316227.7660168379,89,310490,3019
316227.7660168379,90,312577,1547
316227.7660168379,91,312793,1163
316227.7660168379,92,310122,3111
316227.7660168379,93,310965,2518
316227.7660168379,94,310261,3039
316227.7660168379,95,311736,2917
316227.7660168379,96,312161,1729
316227.7660168379,97,310179,2940
316227.7660168379,98,310866,3085
316227.7660168379,99,312306,825
316227.7660168379,100,312464,2045
177827.94100389228,1,175340,1140
177827.94100389228,2,175577,1252
177827.94100389228,3,176367,692
177827.94100389228,4,176065,491
177827.94100389228,5,176342,1134
177827.94100389228,6,176213,251
177827.94100389228,7,174941,1705
177827.94100389228,8,175602,1001
177827.94100389228,9,176310,97
177827.94100389228,10,176215,617
177827.94100389228,11,175625,735
177827.94100389228,12,175766,511
177827.94100389228,13,176081,614
177827.94100389228,14,176320,268
177827.94100389228,15,175731,995
177827.94100389228,16,175952,1106
177827.94100389228,17,175676,541
177827.94100389228,18,175598,964
177827.94100389228,19,175774,466
177827.94100389228,20,173756,2883
177827.94100389228,21,175204,852
177827.94100389228,22,176301,299
177827.94100389228,23,176294,352
177827.94100389228,24,175277,481
177827.94100389228,25,175428,362
177827.94100389228,26,175278,961
177827.94100389228,27,175507,406
177827.94100389228,28,174952,1088
177827.94100389228,29,176523,337
177827.94100389228,30,175475,1081
177827.94100389228,31,175868,675
177827.94100389228,32,173768,2891
177827.94100389228,33,176040,247
177827.94100389228,34,175917,529
177827.94100389228,35,175486,700
177827.94100389228,36,174560,1702
177827.94100389228,37,176191,380
177827.94100389228,38,174226,1277
177827.94100389228,39,175743,627
177827.94100389228,40,175623,964
177827.94100389228,41,175469,708
177827.94100389228,42,176629,211
177827.94100389228,43,176972,138
177827.94100389228,44,175072,572
177827.94100389228,45,174319,1639
177827.94100389228,46,175523,632
177827.94100389228,47,176277,450
177827.94100389228,48,173956,2420
177827.94100389228,49,175266,487
177827.94100389228,50,177117,265
177827.94100389228,51,174618,2113
177827.94100389228,52,175469,693
177827.94100389228,53,176248,497
177827.94100389228,54,175966,783
177827.94100389228,55,176612,396
177827.94100389228,56,176077,439
177827.94100389228,57,174916,829
177827.94100389228,58,175647,683
177827.94100389228,59,175906,598
177827.94100389228,60,174876,1403
177827.94100389228,61,176712,347
177827.94100389228,62,176192,334
177827.94100389228,63,175758,360
177827.94100389228,64,175773,575
177827.94100389228,65,175671,449
177827.94100389228,66,175845,539
177827.94100389228,67,176459,73
177827.94100389228,68,175875,362
177827.94100389228,69,175615,560
177827.94100389228,70,175814,1053
177827.94100389228,71,175149,1087
177827.94100389228,72,175529,1330
177827.94100389228,73,176135,304
177827.94100389228,74,175255,423
177827.94100389228,75,177012,187
177827.94100389228,76,175308,1076
177827.94100389228,77,175442,750
177827.94100389228,78,176840,184
177827.94100389228,79,176168,400
177827.94100389228,80,175589,467
177827.94100389228,81,175835,296
177827.94100389228,82,175289,953
177827.94100389228,83,176621,241
177827.94100389228,84,175787,256
177827.94100389228,85,174625,1473
177827.94100389228,86,176807,121
177827.94100389228,87,175322,1000
177827.94100389228,88,175913,301
177827.94100389228,89,174906,1008
177827.94100389228,90,176279,335
177827.94100389228,91,175828,1155
177827.94100389228,92,176051,338
177827.94100389228,93,175594,733
177827.94100389228,94,175146,1336
177827.94100389228,95,175912,731
177827.94100389228,96,176361,538
177827.94100389228,97,176013,236
177827.94100389228,98,175840,549
177827.94100389228,99,175294,745
177827.94100389228,100,175922,1208
100000,1,98255,582
100000,2,97900,1302
100000,3,98778,84
100000,4,99031,65
100000,5,99023,71
100000,6,99098,52
100000,7,98673,654
100000,8,98790,28
100000,9,97557,1321
100000,10,99272,127
100000,11,98269,343
100000,12,98657,220
100000,13,99678,79
100000,14,99533,382
100000,15,99561,35
100000,16,98810,87
100000,17,99566,45
100000,18,98415,579
100000,19,98912,124
100000,20,98667,257
100000,21,98622,808
100000,22,99090,311
100000,23,98888,47
100000,24,98631,326
100000,25,98660,445
100000,26,99583,8
100000,27,99456,157
100000,28,99107,49
100000,29,98858,23
100000,30,98742,425
100000,31,99326,80
100000,32,99152,50
100000,33,98900,17
100000,34,98786,161
100000,35,98943,259
100000,36,98587,2
100000,37,99028,314
100000,38,98640,260
100000,39,99337,22
100000,40,98518,645
100000,41,98653,449
100000,42,98963,77
100000,43,98906,139
100000,44,99383,412
100000,45,99136,99
100000,46,98224,297
100000,47,98721,221
100000,48,99285,42
100000,49,98940,570
100000,50,98528,768
100000,51,99642,284
100000,52,98884,253
100000,53,98869,309
100000,54,98713,372
100000,55,99102,147
100000,56,99425,199
100000,57,98679,44
100000,58,99262,43
100000,59,99224,15
100000,60,99814,84
100000,61,98843,44
100000,62,99223,53
100000,63,98966,92
100000,64,98844,20
100000,65,99713,7
100000,66,99389,18
100000,67,99343,545
100000,68,98600,139
100000,69,99624,155
100000,70,98892,365
100000,71,99078,177
100000,72,99401,400
100000,73,99339,137
100000,74,99127,76
100000,75,99197,94
100000,76,98783,86
100000,77,98942,189
100000,78,99063,293
100000,79,98939,174
100000,80,98402,355
100000,81,97445,1614
100000,82,98348,90
100000,83,98378,67
100000,84,99140,128
100000,85,99193,378
100000,86,98051,546
100000,87,98843,481
100000,88,99518,239
100000,89,99175,8
100000,90,98926,483
100000,91,98815,183
100000,92,99316,9
100000,93,97954,1372
100000,94,99022,182
100000,95,98453,793
100000,96,99035,230
100000,97,98823,618
100000,98,99227,176
100000,99,98800,20
100000,100,99079,13
56234.13251903491,1,55465,0
56234.13251903491,2,56122,4
56234.13251903491,3,55656,91
56234.13251903491,4,55805,11
56234.13251903491,5,55829,5
56234.13251903491,6,56106,2
56234.13251903491,7,55924,0
56234.13251903491,8,55604,136
56234.13251903491,9,55851,161
56234.13251903491,10,55797,3
56234.13251903491,11,55534,54
56234.13251903491,12,55795,0
56234.13251903491,13,55690,8
56234.13251903491,14,55729,75
56234.13251903491,15,56266,0
56234.13251903491,16,55908,1
56234.13251903491,17,55939,27
56234.13251903491,18,55851,13
56234.13251903491,19,55718,168
56234.13251903491,20,55585,12
56234.13251903491,21,55624,134
56234.13251903491,22,55797,27
56234.13251903491,23,55442,3
56234.13251903491,24,55876,277
56234.13251903491,25,56025,83
56234.13251903491,26,55564,147
56234.13251903491,27,55893,152
56234.13251903491,28,55662,2
56234.13251903491,29,55596,20
56234.13251903491,30,55244,38
56234.13251903491,31,55597,1
56234.13251903491,32,55375,175
56234.13251903491,33,55187,321
56234.13251903491,34,55857,0
56234.13251903491,35,55663,11
56234.13251903491,36,55055,319
56234.13251903491,37,55595,1
56234.13251903491,38,55665,0
56234.13251903491,39,55772,61
56234.13251903491,40,55552,132
56234.13251903491,41,55848,60
56234.13251903491,42,55456,367
56234.13251903491,43,56599,0
56234.13251903491,44,55663,1
56234.13251903491,45,55811,13
56234.13251903491,46,55522,47
56234.13251903491,47,55751,7
56234.13251903491,48,55499,42
56234.13251903491,49,55880,19
56234.13251903491,50,55591,8
56234.13251903491,51,56041,4
56234.13251903491,52,55784,3
56234.13251903491,53,55484,180
56234.13251903491,54,55755,7
56234.13251903491,55,55586,5
56234.13251903491,56,55910,112
56234.13251903491,57,55830,192
56234.13251903491,58,55887,56
56234.13251903491,59,56009,9
56234.13251903491,60,56172,36
56234.13251903491,61,55764,1
56234.13251903491,62,55837,154
56234.13251903491,63,56328,2
56234.13251903491,64,55951,49
56234.13251903491,65,55889,0
56234.13251903491,66,55932,111
56234.13251903491,67,55571,0
56234.13251903491,68,55996,12
56234.13251903491,69,55820,0
56234.13251903491,70,56001,14
56234.13251903491,71,55818,0
56234.13251903491,72,55932,137
56234.13251903491,73,55606,140
56234.13251903491,74,55511,81
56234.13251903491,75,55531,0
56234.13251903491,76,55618,144
56234.13251903491,77,55759,53
56234.13251903491,78,55196,155
56234.13251903491,79,56271,9
56234.13251903491,80,55481,48
56234.13251903491,81,55404,196
56234.13251903491,82,55951,405
56234.13251903491,83,55381,48
56234.13251903491,84,55532,2
56234.13251903491,85,55368,10
56234.13251903491,86,55273,0
56234.13251903491,87,55589,34
56234.13251903491,88,55815,56
56234.13251903491,89,56028,97
56234.13251903491,90,56049,1
56234.13251903491,91,56023,0
56234.13251903491,92,55783,64
56234.13251903491,93,55840,92
56234.13251903491,94,55796,0
56234.13251903491,95,55407,252
56234.13251903491,96,55634,90
56234.13251903491,97,55406,193
56234.13251903491,98,55150,296
56234.13251903491,99,55631,110
56234.13251903491,100,55876,0
31622.776601683792,1,31338,0
31622.776601683792,2,31434,1
31622.776601683792,3,31160,0
31622.776601683792,4,31244,0
31622.776601683792,5,30709,369
31622.776601683792,6,31439,0
31622.776601683792,7,31167,0
31622.776601683792,8,31785,0
31622.776601683792,9,31472,0
31622.776601683792,10,31476,0
31622.776601683792,11,31468,37
31622.776601683792,12,31656,0
31622.776601683792,13,31283,0
31622.776601683792,14,31419,0
31622.776601683792,15,31456,33
31622.776601683792,16,31286,1
31622.776601683792,17,31223,2
31622.776601683792,18,31497,30
31622.776601683792,19,31294,0
31622.776601683792,20,31447,0
31622.776601683792,21,31261,0
31622.776601683792,22,31180,18
31622.776601683792,23,31633,0
31622.776601683792,24,30898,259
31622.776601683792,25,31482,103
31622.776601683792,26,31187,21
31622.776601683792,27,31518,0
31622.776601683792,28,31682,0
31622.776601683792,29,31382,3
31622.776601683792,30,31499,0
31622.776601683792,31,31299,0
31622.776601683792,32,31251,0
31622.776601683792,33,31552,0
31622.776601683792,34,31515,0
31622.776601683792,35,31119,0
31622.776601683792,36,31599,65
31622.776601683792,37,31530,0
31622.776601683792,38,31536,0
31622.776601683792,39,31158,0
31622.776601683792,40,31102,0
31622.776601683792,41,31413,0
31622.776601683792,42,31567,0
31622.776601683792,43,31211,0
31622.776601683792,44,31402,0
31622.776601683792,45,31247,0
31622.776601683792,46,31067,0
31622.776601683792,47,31513,0
31622.776601683792,48,31116,3
31622.776601683792,49,31088,0
31622.776601683792,50,31125,0
31622.776601683792,51,31223,0
31622.776601683792,52,31090,230
31622.776601683792,53,30859,459
31622.776601683792,54,31572,0
31622.776601683792,55,31511,0
31622.776601683792,56,31498,0
31622.776601683792,57,31042,18
31622.776601683792,58,31199,53
31622.776601683792,59,31441,0
31622.776601683792,60,31466,0
31622.776601683792,61,31393,7
31622.776601683792,62,31286,0
31622.776601683792,63,31431,0
31622.776601683792,64,31321,8
31622.776601683792,65,31367,0
31622.776601683792,66,31227,12
31622.776601683792,67,31089,0
31622.776601683792,68,30945,41
31622.776601683792,69,31048,0
31622.776601683792,70,31479,0
31622.776601683792,71,31505,0
31622.776601683792,72,31238,2
31622.776601683792,73,31123,0
31622.776601683792,74,31409,0
31622.776601683792,75,31339,0
31622.776601683792,76,31650,0
31622.776601683792,77,31317,0
31622.776601683792,78,31414,7
31622.776601683792,79,31496,10
31622.776601683792,80,31167,0
31622.776601683792,81,31537,0
31622.776601683792,82,31530,0
31622.776601683792,83,31722,0
31622.776601683792,84,31364,0
31622.776601683792,85,31096,39
31622.776601683792,86,31575,1
31622.776601683792,87,31452,7
31622.776601683792,88,31106,0
31622.776601683792,89,31488,0
31622.776601683792,90,31133,22
31622.776601683792,91,31302,0
31622.776601683792,92,31255,132
31622.776601683792,93,31198,0
31622.776601683792,94,31269,0
31622.776601683792,95,31127,3
31622.776601683792,96,31709,0
31622.776601683792,97,31511,0
31622.776601683792,98,31294,0
31622.776601683792,99,31433,0
31622.776601683792,100,31349,0
17782.794100389227,1,17528,0
17782.794100389227,2,17761,0
17782.794100389227,3,17668,0
17782.794100389227,4,17916,0
17782.794100389227,5,17451,0
17782.794100389227,6,17422,0
17782.794100389227,7,17837,0
17782.794100389227,8,17638,0
17782.794100389227,9,17690,0
17782.794100389227,10,17822,0
17782.794100389227,11,17886,0
17782.794100389227,12,17883,0
17782.794100389227,13,17440,0
17782.794100389227,14,17713,1
17782.794100389227,15,17623,0
17782.794100389227,16,17765,0
17782.794100389227,17,17687,0
17782.794100389227,18,17813,0
17782.794100389227,19,17651,0
17782.794100389227,20,17804,0
17782.794100389227,21,17827,0
17782.794100389227,22,17905,28
17782.794100389227,23,17625,0
17782.794100389227,24,17654,0
17782.794100389227,25,17631,3
17782.794100389227,26,17421,0
17782.794100389227,27,17615,0
17782.794100389227,28,17502,0
17782.794100389227,29,17565,0
17782.794100389227,30,17486,143
17782.794100389227,31,17741,0
17782.794100389227,32,17923,0
17782.794100389227,33,17866,0
17782.794100389227,34,17389,0
17782.794100389227,35,17825,0
17782.794100389227,36,17882,0
17782.794100389227,37,17731,0
17782.794100389227,38,17471,0
17782.794100389227,39,17515,0
17782.794100389227,40,17500,0
17782.794100389227,41,17555,0
17782.794100389227,42,17770,0
17782.794100389227,43,17514,0
17782.794100389227,44,17458,0
17782.794100389227,45,17484,0
17782.794100389227,46,17229,0
17782.794100389227,47,17714,0
17782.794100389227,48,17858,0
17782.794100389227,49,17530,0
17782.794100389227,50,17573,0
17782.794100389227,51,17272,0
17782.794100389227,52,17624,0
17782.794100389227,53,17636,0
17782.794100389227,54,17603,4
17782.794100389227,55,17714,0
17782.794100389227,56,17556,0
17782.794100389227,57,17342,0
17782.794100389227,58,17992,0
17782.794100389227,59,17726,3
17782.794100389227,60,17729,10
17782.794100389227,61,17684,0
17782.794100389227,62,17672,0
17782.794100389227,63,17495,3
17782.794100389227,64,17523,0
17782.794100389227,65,17830,0
17782.794100389227,66,17729,0
17782.794100389227,67,17292,289
17782.794100389227,68,17511,0
17782.794100389227,69,17408,0
17782.794100389227,70,17709,0
17782.794100389227,71,17770,0
17782.794100389227,72,17699,0
17782.794100389227,73,17583,0
17782.794100389227,74,17778,0
17782.794100389227,75,17417,0
17782.794100389227,76,17602,0
17782.794100389227,77,17864,0
17782.794100389227,78,17557,1
17782.794100389227,79,17729,0
17782.794100389227,80,17711,0
17782.794100389227,81,17628,0
17782.794100389227,82,17605,0
17782.794100389227,83,17593,0
17782.794100389227,84,17758,0
17782.794100389227,85,17519,0
17782.794100389227,86,17626,0
17782.794100389227,87,17747,0
17782.794100389227,88,17638,50
17782.794100389227,89,17903,0
17782.794100389227,90,17625,0
17782.794100389227,91,17706,0
17782.794100389227,92,17792,0
17782.794100389227,93,17499,0
17782.794100389227,94,17582,0
17782.794100389227,95,17534,0
17782.794100389227,96,17873,0
17782.794100389227,97,17667,0
17782.794100389227,98,17518,0
17782.794100389227,99,17774,0
17782.794100389227,100,17779,0
10000,1,9991,0
10000,2,9976,0
10000,3,9915,0
10000,4,9944,0
10000,5,10047,0
10000,6,9893,0
10000,7,9912,0
10000,8,9994,0
10000,9,9937,0
10000,10,10007,0
10000,11,10022,0
10000,12,9673,252
10000,13,9833,0
10000,14,9827,0
10000,15,9939,0
10000,16,9908,0
10000,17,9950,0
10000,18,10037,0
10000,19,9794,0
10000,20,9879,0
10000,21,9858,0
10000,22,9781,0
10000,23,9897,0
10000,24,9964,0
10000,25,9748,0
10000,26,9874,0
10000,27,9942,0
10000,28,10009,0
10000,29,9941,0
10000,30,9943,0
10000,31,9927,0
10000,32,9895,0
10000,33,10105,0
10000,34,9878,0
10000,35,10013,0
10000,36,9816,0
10000,37,9816,0
10000,38,9878,0
10000,39,9958,0
10000,40,9909,0
10000,41,9745,0
10000,42,10091,0
10000,43,9979,0
10000,44,9931,3
10000,45,9837,0
10000,46,9740,0
10000,47,9958,0
10000,48,9951,0
10000,49,9876,0
10000,50,9739,0
10000,51,10034,0
10000,52,10001,0
10000,53,9877,0
10000,54,10015,0
10000,55,10119,0
10000,56,9803,0
10000,57,10070,0
10000,58,10120,0
10000,59,9899,0
10000,60,9901,0
10000,61,10097,0
10000,62,10065,0
10000,63,9817,0
10000,64,10005,0
10000,65,9715,0
10000,66,9934,0
10000,67,9857,0
10000,68,9969,0
10000,69,9749,0
10000,70,9793,0
10000,71,9737,0
10000,72,9999,0
10000,73,9910,0
10000,74,9977,0
10000,75,10164,0
10000,76,9930,0
10000,77,9897,0
10000,78,9964,0
10000,79,9881,0
10000,80,9941,0
10000,81,9937,0
10000,82,9888,0
10000,83,10035,0
10000,84,9767,0
10000,85,9794,0
10000,86,9892,0
10000,87,9672,0
10000,88,9883,0
10000,89,9874,0
10000,90,9744,0
10000,91,9902,0
10000,92,10007,0
10000,93,9955,0
10000,94,9907,0
10000,95,9918,35
10000,96,9735,0
10000,97,10013,0
10000,98,9888,0
10000,99,9997,0
10000,100,10032,0
5623.413251903491,1,5671,0
5623.413251903491,2,5657,0
5623.413251903491,3,5675,0
5623.413251903491,4,5670,0
5623.413251903491,5,5643,0
5623.413251903491,6,5532,0
5623.413251903491,7,5574,0
5623.413251903491,8,5395,0
5623.413251903491,9,5534,0
5623.413251903491,10,5593,0
5623.413251903491,11,5517,0
5623.413251903491,12,5651,0
5623.413251903491,13,5691,0
5623.413251903491,14,5560,0
5623.413251903491,15,5604,0
5623.413251903491,16,5493,0
5623.413251903491,17,5602,0
5623.413251903491,18,5499,0
5623.413251903491,19,5716,0
5623.413251903491,20,5541,0
5623.413251903491,21,5509,0
5623.413251903491,22,5586,0
5623.413251903491,23,5651,0
5623.413251903491,24,5596,0
5623.413251903491,25,5532,0
5623.413251903491,26,5387,0
5623.413251903491,27,5590,0
5623.413251903491,28,5575,0
5623.413251903491,29,5656,0
5623.413251903491,30,5579,0
5623.413251903491,31,5548,0
5623.413251903491,32,5784,0
5623.413251903491,33,5626,0
5623.413251903491,34,5506,0
5623.413251903491,35,5667,0
5623.413251903491,36,5583,0
5623.413251903491,37,5523,0
5623.413251903491,38,5634,0
5623.413251903491,39,5600,0
5623.413251903491,40,5556,0
5623.413251903491,41,5426,0
5623.413251903491,42,5469,0
5623.413251903491,43,5577,0
5623.413251903491,44,5458,0
5623.413251903491,45,5610,0
5623.413251903491,46,5683,0
5623.413251903491,47,5515,0
5623.413251903491,48,5630,0
5623.413251903491,49,5522,0
5623.413251903491,50,5501,0
5623.413251903491,51,5450,0
5623.413251903491,52,5612,0
5623.413251903491,53,5540,0
5623.413251903491,54,5576,0
5623.413251903491,55,5613,0
5623.413251903491,56,5526,0
5623.413251903491,57,5608,0
5623.413251903491,58,5657,2
5623.413251903491,59,5604,0
5623.413251903491,60,5588,0
5623.413251903491,61,5523,0
5623.413251903491,62,5607,0
5623.413251903491,63,5584,0
5623.413251903491,64,5653,0
5623.413251903491,65,5591,0
5623.413251903491,66,5654,0
5623.413251903491,67,5534,0
5623.413251903491,68,5657,0
5623.413251903491,69,5584,0
5623.413251903491,70,5714,0
5623.413251903491,71,5526,0
5623.413251903491,72,5670,0
5623.413251903491,73,5528,0
5623.413251903491,74,5492,0
5623.413251903491,75,5609,0
5623.413251903491,76,5519,0
5623.413251903491,77,5595,0
5623.413251903491,78,5634,0
5623.413251903491,79,5596,0
5623.413251903491,80,5608,0
5623.413251903491,81,5651,0
5623.413251903491,82,5477,1
5623.413251903491,83,5430,0
5623.413251903491,84,5398,0
5623.413251903491,85,5546,0
5623.413251903491,86,5635,0
5623.413251903491,87,5634,0
5623.413251903491,88,5468,0
5623.413251903491,89,5520,0
5623.413251903491,90,5605,0
5623.413251903491,91,5571,0
5623.413251903491,92,5592,0
5623.413251903491,93,5534,0
5623.413251903491,94,5658,0
5623.413251903491,95,5619,0
5623.413251903491,96,5704,0
5623.413251903491,97,5531,0
5623.413251903491,98,5538,0
5623.413251903491,99,5389,0
5623.413251903491,100,5556,0
3162.2776601683795,1,3092,0
3162.2776601683795,2,3183,0
3162.2776601683795,3,3116,0
3162.2776601683795,4,3197,0
3162.2776601683795,5,3049,0
3162.2776601683795,6,3174,0
3162.2776601683795,7,3076,0
3162.2776601683795,8,3139,0
3162.2776601683795,9,3112,0
3162.2776601683795,10,3156,0
3162.2776601683795,11,3042,0
3162.2776601683795,12,3086,0
3162.2776601683795,13,3157,0
3162.2776601683795,14,3056,0
3162.2776601683795,15,3113,0
3162.2776601683795,16,3048,0
3162.2776601683795,17,3127,0
3162.2776601683795,18,3189,0
3162.2776601683795,19,3090,0
3162.2776601683795,20,3150,0
3162.2776601683795,21,3104,0
3162.2776601683795,22,3228,0
3162.2776601683795,23,3164,0
3162.2776601683795,24,3119,0
3162.2776601683795,25,3134,0
3162.2776601683795,26,3154,0
3162.2776601683795,27,3190,0
3162.2776601683795,28,3208,0
3162.2776601683795,29,3104,0
3162.2776601683795,30,3172,0
3162.2776601683795,31,3080,0
3162.2776601683795,32,3080,0
3162.2776601683795,33,3029,0
3162.2776601683795,34,3202,0
3162.2776601683795,35,3164,0
3162.2776601683795,36,3141,0
3162.2776601683795,37,3147,0
3162.2776601683795,38,3167,0
3162.2776601683795,39,3175,0
3162.2776601683795,40,3145,0
3162.2776601683795,41,3049,0
3162.2776601683795,42,3176,0
3162.2776601683795,43,3214,0
3162.2776601683795,44,3105,0
3162.2776601683795,45,3131,0
3162.2776601683795,46,3017,2
3162.2776601683795,47,3183,0
3162.2776601683795,48,3104,0
3162.2776601683795,49,3148,0
3162.2776601683795,50,3134,0
3162.2776601683795,51,3106,0
3162.2776601683795,52,3168,0
3162.2776601683795,53,3118,0
3162.2776601683795,54,3143,0
3162.2776601683795,55,3228,0
3162.2776601683795,56,3045,0
3162.2776601683795,57,3232,0
3162.2776601683795,58,3226,0
3162.2776601683795,59,3208,0
3162.2776601683795,60,3013,0
3162.2776601683795,61,3104,0
3162.2776601683795,62,3120,0
3162.2776601683795,63,3086,0
3162.2776601683795,64,3245,0
3162.2776601683795,65,3267,0
3162.2776601683795,66,3149,0
3162.2776601683795,67,3056,0
3162.2776601683795,68,3104,0
3162.2776601683795,69,3080,0
3162.2776601683795,70,3090,0
3162.2776601683795,71,3160,0
3162.2776601683795,72,3091,0
3162.2776601683795,73,3125,0
3162.2776601683795,74,3219,0
3162.2776601683795,75,3112,0
3162.2776601683795,76,3204,0
3162.2776601683795,77,3184,0
3162.2776601683795,78,3206,0
3162.2776601683795,79,3087,0
3162.2776601683795,80,3127,0
3162.2776601683795,81,3143,0
3162.2776601683795,82,3102,0
3162.2776601683795,83,3160,0
3162.2776601683795,84,3168,0
3162.2776601683795,85,3079,0
3162.2776601683795,86,3269,0
3162.2776601683795,87,3118,0
3162.2776601683795,88,2987,0
3162.2776601683795,89,3151,0
3162.2776601683795,90,3143,0
3162.2776601683795,91,3168,0
3162.2776601683795,92,3111,0
3162.2776601683795,93,3124,0
3162.2776601683795,94,3130,0
3162.2776601683795,95,3243,0
3162.2776601683795,96,3095,0
3162.2776601683795,97,3198,0
3162.2776601683795,98,3048,0
3162.2776601683795,99,3115,0
3162.2776601683795,100,3103,0
1778.2794100389228,1,1727,0
1778.2794100389228,2,1717,0
1778.2794100389228,3,1749,0
1778.2794100389228,4,1769,0
1778.2794100389228,5,1728,0
1778.2794100389228,6,1758,0
1778.2794100389228,7,1810,0
1778.2794100389228,8,1762,0
1778.2794100389228,9,1746,0
1778.2794100389228,10,1790,0
1778.2794100389228,11,1718,0
1778.2794100389228,12,1811,0
1778.2794100389228,13,1744,0
1778.2794100389228,14,1800,0
1778.2794100389228,15,1715,0
1778.2794100389228,16,1691,0
1778.2794100389228,17,1725,0
1778.2794100389228,18,1751,0
1778.2794100389228,19,1763,0
1778.2794100389228,20,1743,0
1778.2794100389228,21,1769,0
1778.2794100389228,22,1799,0
1778.2794100389228,23,1767,0
1778.2794100389228,24,1778,0
1778.2794100389228,25,1731,0
1778.2794100389228,26,1738,0
1778.2794100389228,27,1770,0
1778.2794100389228,28,1719,0
1778.2794100389228,29,1766,0
1778.2794100389228,30,1882,0
1778.2794100389228,31,1746,0
1778.2794100389228,32,1758,0
1778.2794100389228,33,1855,0
1778.2794100389228,34,1825,0
1778.2794100389228,35,1661,0
1778.2794100389228,36,1762,0
1778.2794100389228,37,1798,0
1778.2794100389228,38,1759,0
1778.2794100389228,39,1684,0
1778.2794100389228,40,1805,0
1778.2794100389228,41,1707,0
1778.2794100389228,42,1728,0
1778.2794100389228,43,1779,0
1778.2794100389228,44,1732,0
1778.2794100389228,45,1838,0
1778.2794100389228,46,1790,0
1778.2794100389228,47,1792,0
1778.2794100389228,48,1773,0
1778.2794100389228,49,1761,0
1778.2794100389228,50,1836,0
1778.2794100389228,51,1804,0
1778.2794100389228,52,1751,0
1778.2794100389228,53,1791,0
1778.2794100389228,54,1733,0
1778.2794100389228,55,1676,0
1778.2794100389228,56,1763,0
1778.2794100389228,57,1733,0
1778.2794100389228,58,1780,0
1778.2794100389228,59,1722,0
1778.2794100389228,60,1859,0
1778.2794100389228,61,1762,0
1778.2794100389228,62,1754,0
1778.2794100389228,63,1745,0
1778.2794100389228,64,1823,0
1778.2794100389228,65,1742,0
1778.2794100389228,66,1847,0
1778.2794100389228,67,1792,0
1778.2794100389228,68,1820,0
1778.2794100389228,69,1754,0
1778.2794100389228,70,1710,0
1778.2794100389228,71,1792,0
1778.2794100389228,72,1750,0
1778.2794100389228,73,1750,0
1778.2794100389228,74,1825,0
1778.2794100389228,75,1762,0
1778.2794100389228,76,1629,0
1778.2794100389228,77,1711,0
1778.2794100389228,78,1797,0
1778.2794100389228,79,1773,0
1778.2794100389228,80,1706,0
1778.2794100389228,81,1738,0
1778.2794100389228,82,1795,0
1778.2794100389228,83,1765,0
1778.2794100389228,84,1765,0
1778.2794100389228,85,1693,0
1778.2794100389228,86,1766,0
1778.2794100389228,87,1838,0
1778.2794100389228,88,1830,0
1778.2794100389228,89,1715,0
1778.2794100389228,90,1703,0
1778.2794100389228,91,1757,0
1778.2794100389228,92,1783,0
1778.2794100389228,93,1786,0
1778.2794100389228,94,1773,0
1778.2794100389228,95,1772,0
1778.2794100389228,96,1801,0
1778.2794100389228,97,1746,0
1778.2794100389228,98,1734,0
1778.2794100389228,99,1813,0
1778.2794100389228,100,1668,0
1000,1,988,0
1000,2,949,0
1000,3,1013,0
1000,4,948,0
1000,5,932,0
1000,6,930,0
1000,7,1007,0
1000,8,969,0
1000,9,1018,0
1000,10,969,0
1000,11,1077,0
1000,12,1065,0
1000,13,951,0
1000,14,1023,0
1000,15,1049,0
1000,16,976,0
1000,17,982,0
1000,18,952,0
1000,19,952,0
1000,20,1038,0
1000,21,947,0
1000,22,972,0
1000,23,1052,0
1000,24,942,0
1000,25,1034,0
1000,26,952,0
1000,27,1030,0
1000,28,965,0
1000,29,996,0
1000,30,1021,0
1000,31,927,0
1000,32,983,0
1000,33,1028,0
1000,34,1025,0
1000,35,960,0
1000,36,952,0
1000,37,974,0
1000,38,1002,0
1000,39,1048,0
1000,40,987,0
1000,41,967,0
1000,42,983,0
1000,43,1004,0
1000,44,1003,0
1000,45,1004,0
1000,46,993,0
1000,47,1031,0
1000,48,1008,0
1000,49,986,0
1000,50,1046,0
1000,51,1013,0
1000,52,1022,0
1000,53,1028,0
1000,54,985,0
1000,55,1036,0
1000,56,1005,0
1000,57,954,0
1000,58,964,0
1000,59,963,0
1000,60,1020,0
1000,61,949,0
1000,62,1076,0
1000,63,1012,0
1000,64,989,0
1000,65,1015,0
1000,66,934,0
1000,67,1033,0
1000,68,1008,0
1000,69,982,0
1000,70,1015,0
1000,71,970,0
1000,72,997,0
1000,73,1018,0
1000,74,1038,0
1000,75,1029,0
1000,76,1025,0
1000,77,977,0
1000,78,944,0
1000,79,1017,0
1000,80,974,0
1000,81,984,0
1000,82,958,0
1000,83,961,0
1000,84,960,0
1000,85,947,0
1000,86,978,0
1000,87,979,0
1000,88,1009,0
1000,89,1020,0
1000,90,964,0
1000,91,990,0
1000,92,940,0
1000,93,1001,0
1000,94,1041,0
1000,95,1022,0
1000,96,959,0
1000,97,984,0
1000,98,1016,0
1000,99,1014,0
1000,100,985,0
